method,scenario,seed,throughput_mbps,embb_throughput_mbps,urllc_throughput_mbps,center_embb_throughput_mbps,edge_embb_throughput_mbps,min_embb_throughput_mbps,min_embb_satisfaction_ratio,mean_embb_satisfaction_ratio,latency_violation,rate_deficit_cost,rate_violation_fraction,rate_violation,drop_ratio,packet_deadline_miss_ratio,worst_urllc_deadline_miss_ratio,urllc_delay_p50_ms,urllc_delay_p95_ms,urllc_delay_p99_ms,jain_fairness,avg_prb_embb,avg_prb_urllc,avg_safety_reserved_prbs,safety_activation_fraction,safety_cap_hit_fraction,observed_urllc_packets,inference_us,avg_urllc_class_share,avg_embb_sla_weight,avg_reference_urllc_share,avg_reference_embb_weight,avg_delta_rho,avg_delta_beta,std_urllc_class_share,std_delta_rho,std_delta_beta,lambda_lat,lambda_rate,lambda_drop
PF,nominal_hetero,0,19.5664568,14.6770912,4.8893656,8.9999792,5.677112,1.4841448,1.2120990909090907,1.3870447744107743,0.251675009727478,0.0006474877591244876,0.01761666666666667,0.01761666666666667,0.0017056626436227481,0.25804597701149423,0.5739678899082569,1.0,117.0,257.0099999999984,0.8661394201499473,71.8153,34.1847,0.0,0.0,0.0,17400,13.8,,,,,,,,,,,,
PF,load_surge,0,22.7244096,17.7293552,4.995054400000001,10.743883199999999,6.985472000000001,2.1475032,1.446850606060606,1.6916897182940513,0.24869999289512634,0.0,0.0,0.0,0.0004876001233844256,0.2434321795016349,0.6283114797966283,1.0,208.0,484.0,0.8415392496230542,68.5121,37.4879,0.0,0.0,0.0,17738,13.8,,,,,,,,,,,,
PF,edge_fade,0,17.626759200000002,13.637109599999999,3.9896496,9.001370399999999,4.6357392,1.134264,1.0502444444444443,1.237512630751964,0.4115000069141388,0.0,0.0,0.0,0.0713077388756515,0.33886857921804325,0.8856576338400529,1.0,1895.0,3072.0,0.7978522148906183,70.6009,35.3991,0.0,0.0,0.0,16139,13.8,,,,,,,,,,,,
PF,bursty_urllc,0,21.514682399999998,14.8773248,6.6373576,8.9963976,5.8809272,1.6849312,1.2115766666666667,1.418038524691358,0.56045001745224,0.00045882383710704744,0.011049999999999999,0.011049999999999999,0.05521974943074129,0.6031064864043749,0.8898019384745048,80.0,691.0,874.0,0.9275327489602435,69.9374,36.0626,0.0,0.0,0.0,26332,13.9,,,,,,,,,,,,
PF,mixed_dynamic,0,21.405192800000002,16.0744352,5.3307576,10.4283224,5.6461128,1.3772968,1.2752748148148148,1.4729651778900112,0.4360249936580658,0.0017157257534563541,0.03815,0.03815,0.06608479992368961,0.42198564929887916,0.9301310043668122,2.0,1032.0,1192.0,0.8334556090076318,68.2605,37.7395,0.0,0.0,0.0,21323,14.1,,,,,,,,,,,,
PF,hotspot_unseen,0,19.8468848,14.889784800000001,4.9571000000000005,8.999384000000001,5.890400799999999,1.7086,1.2116315151515151,1.4199377216610551,0.3441999852657318,0.0,0.0,0.0,0.10277071092025038,0.3863093658795436,0.82703954399715,2.0,1154.0,1393.5600000000013,0.8734609785815844,70.1934,35.8066,0.0,0.0,0.0,18845,14.0,,,,,,,,,,,,
PF,tight_sla,0,19.4716272,14.667490400000002,4.8041368,8.9999448,5.6675455999999995,1.4698632,1.211972121212121,1.3852947794612795,0.26625001430511475,0.0,0.0,0.0,0.0006229627291855858,0.28678581892762967,0.5978260869565217,1.0,91.79999999999927,173.0,0.8617410728889685,71.4059,34.5941,0.0,0.0,0.0,17065,13.9,,,,,,,,,,,,
PF,nominal_hetero,1,19.429712799999997,14.571770399999998,4.8579424,8.9972336,5.574536799999999,1.4726784,1.212212727272727,1.374529707631874,0.3036249876022339,0.0005105643649585545,0.004783333333333333,0.004783333333333333,0.004152034067584835,0.29151994458234715,0.8016411997736276,1.0,369.79999999999563,827.7799999999988,0.8639896222894661,70.4393,35.5607,0.0,0.0,0.0,17323,13.9,,,,,,,,,,,,
PF,load_surge,1,21.9969152,17.1600408,4.8368744,10.7456624,6.4143784,1.6834312,1.4472581818181818,1.6039852957351293,0.29907500743865967,3.5493826544552576e-08,1.6666666666666664e-05,1.6666666666666664e-05,0.010306831761589929,0.2880915236609464,0.7876030707989764,1.0,476.0,796.0,0.8237614756392613,68.559,37.441,0.0,0.0,0.0,17307,13.8,,,,,,,,,,,,
PF,edge_fade,1,17.7947584,13.382436799999999,4.4123216,9.002742399999999,4.3796944,0.9065215999999999,0.8393718518518517,1.2001906285072954,0.3614499866962433,0.010798566974699497,0.11351666666666667,0.11351666666666667,0.062095046506431,0.2964631399525172,0.6570576540755467,1.0,892.0,1184.0,0.8095402611216789,69.991,36.009,0.0,0.0,0.0,16427,13.9,,,,,,,,,,,,
PF,bursty_urllc,1,21.918824800000003,14.9168712,7.0019536,9.0020752,5.914796,1.7392896,1.2124075757575756,1.4244455404040404,0.5687999725341797,0.0,0.0,0.0,0.04179979276971028,0.6239559534064947,0.9943988797759552,84.0,551.0,692.0,0.9379388523361302,69.619,36.381,0.0,0.0,0.0,26699,14.0,,,,,,,,,,,,
PF,mixed_dynamic,1,21.388992,15.7598376,5.629154399999999,10.4300976,5.32974,1.1568064,1.0711170370370369,1.4268617093153761,0.4360499978065491,0.0,0.0,0.0,0.06681626536542384,0.42608253616156017,0.960539979231568,2.0,918.0,1351.0,0.8356061787121855,67.6406,38.3594,0.0,0.0,0.0,21639,14.0,,,,,,,,,,,,
PF,hotspot_unseen,1,19.649676799999998,14.681210400000001,4.9684664000000005,8.797732,5.8834783999999996,1.6985432,1.202078148148148,1.4031985606060606,0.37267500162124634,0.0,0.0,0.0,0.12059355421263075,0.4223011808966454,0.8097073769055546,2.0,866.0,1020.0,0.877246574767921,70.1067,35.8933,0.0,0.0,0.0,19138,13.9,,,,,,,,,,,,
PF,tight_sla,1,20.003776799999997,14.9720288,5.031748,8.9977528,5.974276,1.7883792,1.2114351515151516,1.4327762721661055,0.2741999924182892,3.0954048270359635e-05,0.0011166666666666666,0.0011166666666666666,0.0008207006496375538,0.28126398210290826,0.7450340136054422,1.0,279.0,592.4199999999983,0.8784850469280812,71.2468,34.7532,0.0,0.0,0.0,17880,21.4,,,,,,,,,,,,
PF,nominal_hetero,2,19.8781912,14.884639199999999,4.993552,8.999212,5.8854272000000005,1.7231352000000002,1.2113133333333332,1.420274358024691,0.29317501187324524,0.0,0.0,0.0,0.0,0.2856818310899074,0.7583732057416268,1.0,396.0,555.8199999999961,0.8750333875548163,70.876,35.124,0.0,0.0,0.0,17607,22.1,,,,,,,,,,,,
PF,load_surge,2,21.9099656,17.1123664,4.7975992000000005,10.7469392,6.365427200000001,1.5430112,1.428714074074074,1.5951026958473624,0.21952499449253082,0.0,0.0,0.0,0.014993195720173517,0.22245614035087719,0.5488165680473372,1.0,108.0,215.0,0.8194377791409556,68.4969,37.5031,0.0,0.0,0.0,17100,22.2,,,,,,,,,,,,
PF,edge_fade,2,18.0049568,13.575068799999999,4.429888,8.9938296,4.5812392,1.0350664,0.9583948148148148,1.227597475308642,0.3914499878883362,0.006838357541710138,0.11646666666666668,0.11646666666666668,0.05219943916952589,0.33755248585164,0.789571201694018,1.0,881.0,1097.0,0.8162557047419852,69.8935,36.1065,0.0,0.0,0.0,16433,22.1,,,,,,,,,,,,
PF,bursty_urllc,2,21.493656,14.9208496,6.5728064,8.998347200000001,5.9225024,1.7643864,1.211660909090909,1.4252348243546578,0.5600000023841858,0.0012460211291909218,0.02415,0.02415,0.05510085701651966,0.6070590046572495,0.9538961038961039,80.0,811.0,943.0,0.9275809358696814,69.6547,36.3453,0.0,0.0,0.0,25981,22.0,,,,,,,,,,,,
PF,mixed_dynamic,2,21.487176799999997,16.0219928,5.465184000000001,10.428158400000001,5.5938344,1.3166896,1.2191570370370368,1.4639587721661054,0.5208500027656555,0.0,0.0,0.0,0.06715493022527741,0.5089152352501867,0.9438401214267644,7.0,870.0,1260.0,0.8361104047271826,68.2139,37.7861,0.0,0.0,0.0,21424,14.3,,,,,,,,,,,,
PF,hotspot_unseen,2,19.185832,14.316393600000001,4.8694384,8.8842472,5.4321464,1.2332512,1.1418992592592592,1.3400851077441078,0.3536500036716461,1.9356639313627966e-06,0.0005666666666666666,0.0005666666666666666,0.13035346045156684,0.39197448844007443,0.7792613143748917,2.0,1006.0,1368.0,0.8576891796051651,70.1886,35.8114,0.0,0.0,0.0,18815,22.1,,,,,,,,,,,,
PF,tight_sla,2,19.664781599999998,14.8552968,4.8094848,9.0049384,5.850358399999999,1.6577432,1.2131118181818183,1.4139589758698092,0.25312501192092896,0.00023992838396225125,0.0023333333333333327,0.0023333333333333327,0.002002956851041217,0.2510008703220191,0.8481913984619767,1.0,440.0,757.0,0.8673485580036221,70.6601,35.3399,0.0,0.0,0.0,17235,22.1,,,,,,,,,,,,
PF,nominal_hetero,3,19.6767432,14.7746448,4.9020984,8.999007200000001,5.7756376,1.5777576,1.2119454545454547,1.4019132609427611,0.25554999709129333,0.0,0.0,0.0,0.0,0.24941189970738425,0.7342968315730961,1.0,305.0,510.0,0.869222159910929,71.0602,34.9398,0.0,0.0,0.0,17429,22.2,,,,,,,,,,,,
PF,load_surge,3,22.303077599999998,17.4918256,4.811252,10.744095999999999,6.7477295999999996,2.138544,1.4463760606060605,1.6608498681257011,0.1739249974489212,0.0,0.0,0.0,0.0,0.17535572661534873,0.4935860058309038,1.0,106.0,276.0,0.8323666467636366,69.2116,36.7884,0.0,0.0,0.0,17148,22.2,,,,,,,,,,,,
PF,edge_fade,3,17.946624,13.729008799999999,4.2176152,9.002168,4.7268408,1.2025632,1.10775,1.2508115,0.37185001373291016,0.0,0.0,0.0,0.058831797858485975,0.30865107140664333,0.7143322475570033,1.0,1192.0,1390.1399999999994,0.8123197909656067,70.8508,35.1492,0.0,0.0,0.0,16287,22.1,,,,,,,,,,,,
PF,bursty_urllc,3,21.050927999999995,14.863065599999999,6.1878624,9.002714399999999,5.8603512,1.6784296,1.2133906060606061,1.4155149713804713,0.5480999946594238,0.0,0.0,0.0,0.07807074428034036,0.5869480570049062,0.9363615920845514,116.0,897.0,1033.0,0.9130490544466686,70.1132,35.8868,0.0,0.0,0.0,25682,21.5,,,,,,,,,,,,
PF,mixed_dynamic,3,21.7365376,16.0739088,5.6626288,10.4224304,5.6514784,1.4092639999999999,1.3048740740740739,1.4738764534231201,0.4462999999523163,0.0,0.0,0.0,0.054458509646873814,0.44817129204190403,0.9824347401805318,2.0,822.8499999999985,1246.0,0.847660822250954,67.9565,38.0435,0.0,0.0,0.0,21764,14.4,,,,,,,,,,,,
PF,hotspot_unseen,3,19.550096,14.7830128,4.7670832,8.8346392,5.948373599999999,1.7816664,1.210901515151515,1.4169871043771043,0.36594998836517334,0.0,0.0,0.0,0.12604443589287592,0.40663745190252243,0.8554979850316637,2.0,1160.4500000000007,1706.8899999999994,0.869468408702074,70.087,35.913,0.0,0.0,0.0,18712,14.1,,,,,,,,,,,,
PF,tight_sla,3,19.8208232,14.890583199999998,4.9302399999999995,8.996232,5.8943512,1.6991800000000001,1.212090303030303,1.4200756924803593,0.2922999858856201,0.0,0.0,0.0,0.0,0.2962035403267118,0.638273381294964,1.0,194.59999999999854,342.0,0.8732761624184994,71.3035,34.6965,0.0,0.0,0.0,17569,14.2,,,,,,,,,,,,
PF,nominal_hetero,4,19.7435376,14.771500799999998,4.9720368,8.9979424,5.773558400000001,1.576184,1.211540606060606,1.4015933787878787,0.23542499542236328,0.0,0.0,0.0,0.0,0.2338104976141786,0.6792604501607717,1.0,115.0,304.0,0.8714591221586425,70.7374,35.2626,0.0,0.0,0.0,17604,14.0,,,,,,,,,,,,
PF,load_surge,4,22.146659999999997,17.2402928,4.9063672,10.74088,6.4994128,1.7251591999999998,1.447561212121212,1.6208500353535353,0.13269999623298645,0.0,0.0,0.0,0.008369511385779736,0.13863832232117207,0.3732112192329708,1.0,34.79999999999927,137.0,0.8296099996844192,68.515,37.485,0.0,0.0,0.0,17405,14.0,,,,,,,,,,,,
PF,edge_fade,4,17.973184,13.7408296,4.2323544,9.0019656,4.7388639999999995,1.1867632000000001,1.098854814814815,1.2521585796857464,0.3869999945163727,0.0,0.0,0.0,0.06028563622770804,0.33383260439757956,0.7924237757930397,1.0,1575.0,2029.0,0.8131399958118231,70.1034,35.8966,0.0,0.0,0.0,16691,14.0,,,,,,,,,,,,
PF,bursty_urllc,4,21.6957408,14.8198224,6.8759184,9.0023544,5.817468,1.6234384,1.2118484848484847,1.4087077968574635,0.5527999997138977,0.0001562416146043688,0.0031666666666666666,0.0031666666666666666,0.04417377415400226,0.6136234840757112,0.9122735599430083,70.0,601.0,702.0,0.9313215777615929,70.1804,35.8196,0.0,0.0,0.0,26469,14.0,,,,,,,,,,,,
PF,mixed_dynamic,4,21.690920799999997,16.1103096,5.5806112,10.432632,5.677677600000001,1.4520552,1.3444955555555556,1.4781337873176208,0.4600749909877777,0.0,0.0,0.0,0.05586535862970019,0.46980895272625856,0.8899873257287706,4.0,738.0,973.0,0.8444673505437643,68.1181,37.8819,0.0,0.0,0.0,21513,14.0,,,,,,,,,,,,
PF,hotspot_unseen,4,19.4932448,14.763952799999998,4.729292,8.848249599999999,5.915703199999999,1.7328344000000002,1.2127166666666667,1.4121296666666667,0.421750009059906,0.0,0.0,0.0,0.12467655144551489,0.43235152616667555,0.9243672748675692,2.0,1166.0,1351.0,0.8690679478748298,70.1735,35.8265,0.0,0.0,0.0,18707,14.1,,,,,,,,,,,,
PF,tight_sla,4,19.708251999999998,14.904905599999998,4.803346400000001,9.007416,5.8974896,1.712532,1.2135857575757574,1.4215698114478112,0.3266249895095825,0.0,0.0,0.0,0.004206009272503676,0.31418156570039923,0.9367655288192501,1.0,569.8999999999978,853.0,0.8683622926884019,70.8894,35.1106,0.0,0.0,0.0,17283,14.1,,,,,,,,,,,,
EDF,nominal_hetero,0,7.928216,2.976744,4.951472,2.7546856,0.22205840000000002,0.0069272,0.005772666666666666,0.2062027379349046,0.006000000052154064,0.7727742195129395,0.9601,0.9601,0.5064184752791171,0.012013892842908387,0.01551246537396122,2.0,4.0,7.0,0.5723950030306191,4.8442,101.1558,0.0,0.0,0.0,17563,11.5,,,,,,,,,,,,
EDF,load_surge,0,7.890418400000001,2.8697456000000003,5.0206728,2.789508,0.08023759999999999,0.0050880000000000005,0.004711111111111111,0.19648712345679012,0.008949999697506428,0.7621446251869202,0.9601,0.9601,0.5726438713405484,0.018879586447154015,0.028846153846153848,2.0,5.0,9.0,0.6208533941667271,4.7594,101.2406,0.0,0.0,0.0,17797,12.0,,,,,,,,,,,,
EDF,edge_fade,0,6.562849600000002,1.6719296,4.8909199999999995,1.6134792,0.0584504,0.0,0.0,0.11345195847362514,0.2084749937057495,0.80158931016922,0.9601,0.9601,0.5737138516603411,0.2886794634597595,0.3819614235262157,3.0,21.0,36.0,0.5800717967505472,2.703,103.297,0.0,0.0,0.0,17296,11.0,,,,,,,,,,,,
EDF,bursty_urllc,0,9.3596304,1.3864144,7.973216,1.3183984,0.068016,0.005976,0.005533333333333334,0.09566141975308641,0.10107500106096268,0.8372955918312073,0.9601,0.9601,0.5089146426414913,0.1828337104072398,0.22962962962962963,3.0,18.0,39.0,0.509139688495987,2.2472,103.7528,0.0,0.0,0.0,28288,7.6,,,,,,,,,,,,
EDF,mixed_dynamic,0,8.145040000000002,1.7101359999999999,6.4349039999999995,1.689784,0.020352000000000002,0.0,0.0,0.11558947306397305,0.1302500069141388,0.7810590863227844,0.9594666666666666,0.9594666666666666,0.5774111161939923,0.23355493351994402,0.30455026455026457,3.0,23.0,45.0,0.5597247932597162,2.8514,103.1486,0.0,0.0,0.0,22864,7.6,,,,,,,,,,,,
EDF,hotspot_unseen,0,7.827705600000001,1.9469088,5.8807968,1.9107200000000002,0.0361888,0.0,0.0,0.12894025757575758,0.11402499675750732,0.8024892807006836,0.9601,0.9601,0.5726006281586543,0.16915737720878157,0.2311805841217606,3.0,33.0,55.0,0.5221286254143355,3.18,102.82,0.0,0.0,0.0,20543,7.6,,,,,,,,,,,,
EDF,tight_sla,0,8.282991200000001,3.4744792,4.808512,3.3726616000000003,0.10181760000000001,0.005976,0.004980000000000001,0.2351923877665544,0.006775000132620335,0.7268617153167725,0.94465,0.94465,0.48684953132652664,0.03214850383556831,0.05480140774258421,2.0,4.0,6.0,0.5945046603008878,5.565,100.435,0.0,0.0,0.0,17077,7.5,,,,,,,,,,,,
EDF,nominal_hetero,1,7.847531200000001,2.9201168000000006,4.9274144,2.8530872,0.06702960000000001,0.0050880000000000005,0.0035333333333333336,0.19695550953984287,0.007699999958276749,0.7886632680892944,0.9601,0.9601,0.5119591755453077,0.022942357327215373,0.034178610804851156,2.0,5.0,9.0,0.5790602284912169,4.717,101.283,0.0,0.0,0.0,17435,7.5,,,,,,,,,,,,
EDF,load_surge,1,7.823212000000001,2.9357176000000003,4.8874944,2.7937992,0.1419184,0.0,0.0,0.19842350336700335,0.005950000137090683,0.780709981918335,0.9601,0.9601,0.5730875688619476,0.017060518731988474,0.025706214689265535,2.0,5.0,8.0,0.565407259702165,4.8654,101.1346,0.0,0.0,0.0,17350,7.5,,,,,,,,,,,,
EDF,edge_fade,1,6.880967200000001,1.9229456,4.9580216,1.8998664,0.0230792,0.0,0.0,0.12861057014590346,0.08517500013113022,0.7884146571159363,0.9523166666666666,0.9523166666666666,0.5589345697429746,0.14129319192610332,0.1848492931448386,3.0,12.0,20.0,0.5846156076100042,3.233,102.767,0.0,0.0,0.0,17538,7.5,,,,,,,,,,,,
EDF,bursty_urllc,1,9.6094432,1.6220063999999998,7.9874368,1.5851992,0.0368072,0.0,0.0,0.1088202323232323,0.04057500138878822,0.8433873057365417,0.9601,0.9601,0.501639337873545,0.0908866299590569,0.12426546837193225,3.0,9.0,21.0,0.5190953036921999,2.6606,103.3394,0.0,0.0,0.0,28332,7.5,,,,,,,,,,,,
EDF,mixed_dynamic,1,8.379744,1.9173416,6.4624024,1.880668,0.0366736,0.0,0.0,0.12847008417508415,0.12282499670982361,0.784192681312561,0.9601,0.9601,0.5681874824277651,0.19965959675307673,0.23793677204658903,3.0,28.0,54.0,0.5614659894001247,3.074,102.926,0.0,0.0,0.0,22914,7.5,,,,,,,,,,,,
EDF,hotspot_unseen,1,7.617613599999999,1.4827696,6.134844,1.4174008,0.0653688,0.005976,0.004980000000000001,0.10177545005611671,0.10167499631643295,0.8108306527137756,0.9601,0.9601,0.5832393393167918,0.17269189290570638,0.24683139162719242,3.0,25.0,66.0,0.5003805870970578,2.438,103.562,0.0,0.0,0.0,21327,7.5,,,,,,,,,,,,
EDF,tight_sla,1,7.670217600000001,2.6166911999999996,5.053526400000001,2.5234432,0.09324799999999998,0.0041816,0.0034846666666666667,0.17816433782267116,0.011149999685585499,0.8031179904937744,0.9601,0.9601,0.5219269483051562,0.042956094291140653,0.056669776119402986,2.0,5.0,7.0,0.6092668121442056,4.4096,101.5904,0.0,0.0,0.0,17902,7.5,,,,,,,,,,,,
EDF,nominal_hetero,2,7.931955200000001,2.9317024,5.0002528,2.8210096,0.1106928,0.0,0.0,0.1992702721661055,0.009750000201165676,0.7882568836212158,0.9601,0.9601,0.5079138472645719,0.024399931907166772,0.037840698597512566,2.0,5.0,10.0,0.5909887079313904,4.8018,101.1982,0.0,0.0,0.0,17623,7.5,,,,,,,,,,,,
EDF,load_surge,2,8.1850448,3.3844239999999997,4.8006208,3.2905384,0.0938856,0.0129032,0.010752666666666667,0.2266557154882155,0.0030499999411404133,0.7471449971199036,0.9601,0.9601,0.5558435355254994,0.01127599906520215,0.018633540372670808,2.0,4.0,7.0,0.5385275126038909,5.4802,100.5198,0.0,0.0,0.0,17116,7.5,,,,,,,,,,,,
EDF,edge_fade,2,7.375448000000001,2.5090448,4.866403200000001,2.4216911999999997,0.0873536,0.0,0.0,0.16964311335578,0.056299999356269836,0.7541147470474243,0.9197,0.9197,0.5319621288582471,0.09677979844781652,0.138834680791748,2.0,10.0,24.0,0.5968283548485155,4.1658,101.8342,0.0,0.0,0.0,17266,7.5,,,,,,,,,,,,
EDF,bursty_urllc,2,9.251548800000002,1.3193824,7.9321664,1.243684,0.0756984,0.0129216,0.010768,0.09187340179573511,0.10694999992847443,0.832312285900116,0.9599833333333334,0.9599833333333334,0.5135603164250603,0.18593538264032522,0.23648418905134308,3.0,22.0,38.0,0.5042059393355259,2.2154,103.7846,0.0,0.0,0.0,28042,7.5,,,,,,,,,,,,
EDF,mixed_dynamic,2,8.111657600000001,1.5713296,6.540328000000001,1.4667656,0.104564,0.0,0.0,0.11300892255892254,0.1561249941587448,0.7862223386764526,0.9601,0.9601,0.5807620231422179,0.2616354373542872,0.29902512185976754,3.0,34.0,66.0,0.5474648446912589,2.5546,103.4454,0.0,0.0,0.0,23162,7.5,,,,,,,,,,,,
EDF,hotspot_unseen,2,7.9013808,1.940568,5.9608128,1.8137864000000001,0.1267816,0.0,0.0,0.13294231369248036,0.11574999988079071,0.7961172461509705,0.9601,0.9601,0.5689023464520616,0.1908713692946058,0.27633986928104576,3.0,28.0,49.0,0.5195928964546138,3.2118,102.7882,0.0,0.0,0.0,20726,7.5,,,,,,,,,,,,
EDF,tight_sla,2,8.210018400000001,3.2992856,4.9107328,3.2618672,0.0374184,0.0,0.0,0.21739977497194163,0.008750000037252903,0.7645871639251709,0.9601,0.9601,0.4926110460183946,0.03239331457124806,0.0486815415821501,2.0,5.0,7.0,0.5424110750084175,5.5226,100.4774,0.0,0.0,0.0,17411,7.6,,,,,,,,,,,,
EDF,nominal_hetero,3,7.873,2.9640880000000003,4.908912,2.8694128,0.09467519999999999,0.0078336,0.006528,0.20051205892255894,0.0016749999485909939,0.7638972401618958,0.9551166666666668,0.9551166666666668,0.508162353324944,0.00762133975130365,0.012089810017271158,2.0,4.0,6.0,0.5799495615028176,4.9714,101.0286,0.0,0.0,0.0,17451,7.5,,,,,,,,,,,,
EDF,load_surge,3,8.263637600000001,3.4524247999999997,4.8112128,3.2534704,0.19895440000000003,0.0207816,0.017318,0.23804645791245793,0.0015249999705702066,0.727202832698822,0.9600333333333334,0.9600333333333334,0.5523741416981277,0.003324002799160252,0.004954823666569514,2.0,4.0,6.0,0.579995619399543,5.8724,100.1276,0.0,0.0,0.0,17148,7.6,,,,,,,,,,,,
EDF,edge_fade,3,6.867863200000001,1.9219024000000002,4.9459608,1.8396640000000002,0.0822384,0.0,0.0,0.13133310830527498,0.0970500037074089,0.7755116820335388,0.9559166666666666,0.9559166666666666,0.5594596632800303,0.166752415251815,0.23052035589107575,3.0,13.0,26.0,0.5894217552090667,3.1588,102.8412,0.0,0.0,0.0,17493,7.5,,,,,,,,,,,,
EDF,bursty_urllc,3,9.255391200000002,1.1771544,8.0782368,1.1434696,0.0336848,0.0,0.0,0.0797300022446689,0.14592500030994415,0.8507742285728455,0.9601,0.9601,0.5161052732618523,0.2729118532521179,0.33367020380663637,3.0,20.0,40.0,0.4900310641857923,1.9716,104.0284,0.0,0.0,0.0,28566,7.6,,,,,,,,,,,,
EDF,mixed_dynamic,3,8.086716800000001,1.5760855999999999,6.510631200000001,1.5214839999999998,0.0546016,0.0,0.0,0.10598309259259259,0.09697499871253967,0.8108267188072205,0.9601,0.9601,0.581192029644715,0.17309521750410792,0.20080912100036777,3.0,19.0,39.0,0.5389927911425199,2.65,103.35,0.0,0.0,0.0,23126,7.5,,,,,,,,,,,,
EDF,hotspot_unseen,3,7.5316160000000005,1.490976,6.04064,1.4548056,0.036170400000000005,0.0078336,0.006528,0.10006063468013465,0.17122499644756317,0.8201591968536377,0.9601,0.9601,0.5863752095490279,0.26418052256532065,0.3694874851013111,3.0,50.54999999999927,90.0,0.4995876444325094,2.5122,103.4878,0.0,0.0,0.0,21050,7.5,,,,,,,,,,,,
EDF,tight_sla,3,7.910930400000001,2.9806904,4.9302399999999995,2.928368,0.052322400000000005,0.0078336,0.006528,0.1990199354657688,0.0142000000923872,0.7763581275939941,0.9363333333333332,0.9363333333333332,0.5098807633771314,0.04502248278217315,0.07250178869544478,2.0,5.0,8.0,0.5731008746457339,4.8442,101.1558,0.0,0.0,0.0,17569,7.5,,,,,,,,,,,,
EDF,nominal_hetero,4,8.129064,3.1455504000000003,4.9835136,3.0652056,0.0803448,0.0050880000000000005,0.004711111111111111,0.20919784287317622,0.0011249999515712261,0.7506566643714905,0.9253166666666666,0.9253166666666666,0.4971452079660208,0.0037994782805943063,0.005058572949946752,2.0,4.0,6.0,0.5410521738899902,5.1092,100.8908,0.0,0.0,0.0,17634,7.5,,,,,,,,,,,,
EDF,load_surge,4,7.8668104,2.9314904,4.93532,2.8747896,0.056700799999999996,0.0,0.0,0.19771799270482604,0.0012250000145286322,0.7766348719596863,0.9601,0.9601,0.5715032079263941,0.0038340486409155937,0.008410428931875526,2.0,4.0,6.0,0.6140747152184105,4.8336,101.1664,0.0,0.0,0.0,17475,7.5,,,,,,,,,,,,
EDF,edge_fade,4,6.8237144,1.8930136,4.9307008,1.8726616,0.020352000000000002,0.0,0.0,0.12565922053872053,0.09367500245571136,0.8079019784927368,0.9586666666666666,0.9586666666666666,0.5613201914933642,0.16279867383102778,0.2071809801067443,3.0,13.0,28.0,0.5770372758088959,3.0634,102.9366,0.0,0.0,0.0,17494,7.5,,,,,,,,,,,,
EDF,bursty_urllc,4,9.533930400000001,1.6265543999999996,7.907375999999999,1.5219279999999997,0.10462640000000001,0.0,0.0,0.11320283670033666,0.045099999755620956,0.818534791469574,0.9601,0.9601,0.4999780335616446,0.09364739471805852,0.11935877330545391,3.0,9.0,21.0,0.5210060642205503,2.6076,103.3924,0.0,0.0,0.0,28020,7.7,,,,,,,,,,,,
EDF,mixed_dynamic,4,8.0608688,1.6941616000000002,6.3667072000000005,1.6701944000000002,0.0239672,0.0,0.0,0.11222534455667789,0.09507499635219574,0.8071576952934265,0.95775,0.95775,0.5797544594802503,0.16152925001108795,0.19522501584618634,3.0,18.0,36.0,0.5437130368898189,2.8408,103.1592,0.0,0.0,0.0,22547,7.7,,,,,,,,,,,,
EDF,hotspot_unseen,4,7.370360800000001,1.4205431999999998,5.949817599999999,1.3882392,0.032304,0.0,0.0,0.0951766335578002,0.14942499995231628,0.8575891852378845,0.9601,0.9601,0.5944132845258588,0.2453823332376304,0.3449844074844075,3.0,30.0,49.0,0.49525539526477225,2.2684,103.7316,0.0,0.0,0.0,20898,7.5,,,,,,,,,,,,
EDF,tight_sla,4,7.8668688,2.9395344000000003,4.9273344,2.8095144000000003,0.13002,0.0129032,0.011947407407407407,0.20229626655443322,0.025174999609589577,0.7808470129966736,0.9601,0.9601,0.5094182717674131,0.07421852595354173,0.10091250670960816,2.0,6.0,10.0,0.6060448942818216,4.7912,101.2088,0.0,0.0,0.0,17435,7.5,,,,,,,,,,,,
DeadlineAwarePF,nominal_hetero,0,19.688091999999997,14.7355608,4.952531199999999,8.9924096,5.7431512,1.5517808,1.2120990909090907,1.396754928731762,0.000699999975040555,0.00024955495609901845,0.0083,0.0083,3.006809220159974e-06,0.0025617670499829214,0.004152823920265781,1.0,1.0,3.0,0.8703762824151283,78.4938,27.5062,0.0,0.0,0.0,17566,24.8,,,,,,,,,,,,
DeadlineAwarePF,load_surge,0,22.876108799999997,17.8533696,5.0227392,10.743883199999999,7.1094864,2.147708,1.446850606060606,1.7086371936026936,0.003449999960139394,0.0,0.0,0.0,0.0,0.0070774588552491155,0.013607257203842048,1.0,2.0,4.0,0.8437600629965896,76.8539,29.1461,0.0,0.0,0.0,17803,24.6,,,,,,,,,,,,
DeadlineAwarePF,edge_fade,0,16.613808000000002,11.721664800000001,4.8921432,7.950294400000001,3.7713703999999995,0.951592,0.8752453333333332,1.0494289562289563,0.06904999911785126,0.008750383742153645,0.12821666666666665,0.12821666666666665,0.10294044261151693,0.10890173410404624,0.1466992665036675,1.0,11.0,23.0,0.8481897076398024,47.388,58.612,0.0,0.0,0.0,17300,22.3,,,,,,,,,,,,
DeadlineAwarePF,bursty_urllc,0,22.437148,14.4628056,7.974342399999999,8.9941256,5.468679999999999,1.446852,1.2114160606060604,1.356953324915825,0.048124998807907104,0.0004480213101487607,0.009316666666666666,0.009316666666666666,0.0033196397338158727,0.08041426602099608,0.10091269157912863,1.0,10.0,34.0,0.9389094195486722,56.5038,49.4962,0.0,0.0,0.0,28291,25.1,,,,,,,,,,,,
DeadlineAwarePF,mixed_dynamic,0,20.626049599999998,14.1907472,6.435302399999999,9.6233064,4.5674408,1.0748976000000001,0.9952755555555556,1.2729322098765432,0.06885000318288803,0.0012000022688880563,0.030883333333333336,0.030883333333333336,0.07756964834747024,0.11694729936584299,0.15382987727465086,1.0,17.0,38.0,0.866749204909708,51.8745,54.1255,0.0,0.0,0.0,22865,23.5,,,,,,,,,,,,
DeadlineAwarePF,hotspot_unseen,0,20.1171088,14.236004800000002,5.881104,8.688721600000001,5.5472832,1.5722528,1.172073333333333,1.3465333759820426,0.07760000228881836,0.0,0.0,0.0,0.08372823325199544,0.10947235202492211,0.1524540718398684,1.0,24.0,45.0,0.8898672809326029,62.1728,43.8272,0.0,0.0,0.0,20544,24.4,,,,,,,,,,,,
DeadlineAwarePF,tight_sla,0,19.5448864,14.734528000000001,4.8103584,8.9999448,5.734583199999999,1.5348832,1.211972121212121,1.3956089523007857,0.0009749999735504389,0.0,0.0,0.0,0.0,0.0021658959199203887,0.0062829856747926615,1.0,1.0,3.0,0.8638960026585207,79.0603,26.9397,0.0,0.0,0.0,17083,24.8,,,,,,,,,,,,
DeadlineAwarePF,nominal_hetero,1,19.5657128,14.6382984,4.9274144,8.9975136,5.6407848000000005,1.5160664000000001,1.212212727272727,1.3838928249158249,7.500000356230885e-05,0.0003988172975368798,0.0042833333333333334,0.0042833333333333334,0.00041887230263397423,0.0015486091195870376,0.0027563395810363835,1.0,2.0,4.0,0.8676286460635682,75.0618,30.9382,0.0,0.0,0.0,17435,28.9,,,,,,,,,,,,
DeadlineAwarePF,load_surge,1,22.1675,17.2800056,4.8874944,10.7456624,6.5343432,1.7364144,1.4472581818181818,1.6214647154882156,0.001724999980069697,0.0,0.0,0.0,0.006676561691301557,0.0029394812680115273,0.005480104836788182,1.0,2.0,4.0,0.8279798026987722,74.0321,31.9679,0.0,0.0,0.0,17350,38.2,,,,,,,,,,,,
DeadlineAwarePF,edge_fade,1,17.724065600000003,12.764169599999999,4.9598960000000005,8.7862264,3.9779431999999995,0.8438383999999999,0.7813318518518517,1.1326794523007855,0.019200000911951065,0.010928762145340443,0.08563333333333334,0.08563333333333334,0.05473086032168324,0.04075699709285755,0.0592,1.0,6.0,11.0,0.8267761057014003,59.764,46.236,0.0,0.0,0.0,17543,36.4,,,,,,,,,,,,
DeadlineAwarePF,bursty_urllc,1,22.8238624,14.836425599999998,7.9874368,9.00202,5.8344056,1.6894791999999998,1.2124075757575756,1.412425583613917,0.015775000676512718,0.0,0.0,0.0,0.0,0.032719186785260486,0.043726235741444866,1.0,4.44999999999709,16.0,0.948459634328047,63.0224,42.9776,0.0,0.0,0.0,28332,27.5,,,,,,,,,,,,
DeadlineAwarePF,mixed_dynamic,1,20.7797512,14.314423200000002,6.4653279999999995,9.6816896,4.6327336,1.0294544,0.9531985185185186,1.2826257934904601,0.07027500122785568,0.0005297213792800903,0.01805,0.01805,0.07512188083711369,0.10651661868620779,0.12744282744282745,1.0,23.0,50.0,0.8644731136927319,57.131,48.869,0.0,0.0,0.0,22926,23.1,,,,,,,,,,,,
DeadlineAwarePF,hotspot_unseen,1,20.3311344,14.1956848,6.135449600000001,8.5218624,5.6738224,1.6807368,1.0747825925925925,1.3535922519640853,0.05139999836683273,0.0,0.0,0.0,0.08541417000521948,0.08237610764686577,0.11560619638970682,1.0,16.0,58.0,0.896444894029754,59.0248,46.9752,0.0,0.0,0.0,21329,24.7,,,,,,,,,,,,
DeadlineAwarePF,tight_sla,1,20.03098,14.9774536,5.053526400000001,8.9977528,5.9797008,1.7909199999999998,1.2114351515151516,1.4335689264870932,0.0013000000035390258,3.270545130362734e-05,0.0007666666666666666,0.0007666666666666666,0.0,0.0032957211484750306,0.0065298507462686565,1.0,2.0,3.0,0.8792148831836107,77.5192,28.4808,0.0,0.0,0.0,17902,25.2,,,,,,,,,,,,
DeadlineAwarePF,nominal_hetero,2,19.906601600000002,14.906144,5.0004576,8.999212,5.906932,1.7358695999999998,1.2113133333333332,1.42333037654321,0.0024999999441206455,0.0,0.0,0.0,0.0,0.007149341806627327,0.014289494575284467,1.0,2.0,5.0,0.8755529979601768,76.4978,29.5022,0.0,0.0,0.0,17624,24.7,,,,,,,,,,,,
DeadlineAwarePF,load_surge,2,22.1864088,17.3852408,4.801168,10.7469392,6.638301599999999,1.6711664,1.446961212121212,1.6349796217732884,0.00017499999376013875,0.0,0.0,0.0,0.010755194032244269,0.0007010164738871364,0.0011830819284235432,1.0,1.0,2.0,0.8251007867749037,79.4092,26.5908,0.0,0.0,0.0,17118,25.2,,,,,,,,,,,,
DeadlineAwarePF,edge_fade,2,18.158475199999998,13.2917648,4.8667104000000005,8.9938296,4.2979351999999995,0.9972823999999999,0.9234096296296295,1.1905811666666666,0.022174999117851257,0.005433209706097841,0.10245,0.10245,0.04653764297735189,0.03660161000752881,0.05687203791469194,1.0,5.0,16.0,0.8262818432838216,63.8607,42.1393,0.0,0.0,0.0,17267,23.6,,,,,,,,,,,,
DeadlineAwarePF,bursty_urllc,2,22.130335199999998,14.198168800000001,7.9321664,8.998347200000001,5.1998216,1.547208,1.211660909090909,1.32649604657688,0.06992500275373459,0.001499729580245912,0.02755,0.02755,0.0060296294197797,0.1143641680336638,0.14450867052023122,1.0,15.0,29.0,0.9351896297390763,55.9066,50.0934,0.0,0.0,0.0,28042,24.7,,,,,,,,,,,,
DeadlineAwarePF,mixed_dynamic,2,20.3903648,13.8479904,6.5423744,9.2699768,4.5780136,1.1082744,1.0261799999999999,1.2487308350168351,0.0903249979019165,0.0,0.0,0.0,0.08241109678196572,0.14539726382115575,0.16416991586291813,1.0,27.0,58.0,0.8776098315859509,51.6147,54.3853,0.0,0.0,0.0,23171,22.9,,,,,,,,,,,,
DeadlineAwarePF,hotspot_unseen,2,19.675032,13.712683199999999,5.9623488,8.589612,5.1230712,1.0938143999999999,1.012791111111111,1.2722719966329965,0.07415000349283218,0.0012598201865330338,0.03576666666666667,0.03576666666666667,0.10533428758152939,0.11538276011769813,0.1636838667537557,1.0,20.0,44.0,0.8718064290625213,59.6865,46.3135,0.0,0.0,0.0,20731,23.1,,,,,,,,,,,,
DeadlineAwarePF,tight_sla,2,19.8016312,14.8898744,4.9117568,9.00314,5.8867344,1.6961072000000001,1.2131118181818183,1.4194661980920316,0.00032500000088475645,0.00013094587484374642,0.0015333333333333332,0.0015333333333333332,0.0,0.0022970024118525324,0.002787633046122656,1.0,1.0,3.0,0.8714972464947908,77.9536,28.0464,0.0,0.0,0.0,17414,24.6,,,,,,,,,,,,
DeadlineAwarePF,nominal_hetero,3,19.7588744,14.849962400000003,4.908912,8.999144000000001,5.8508184,1.6524408000000002,1.2119454545454547,1.4135181127946128,0.0,0.0,0.0,0.0,0.0,0.0002865165320038966,0.0004934616333580064,1.0,1.0,2.0,0.871375161001318,78.6311,27.3689,0.0,0.0,0.0,17451,24.8,,,,,,,,,,,,
DeadlineAwarePF,load_surge,3,22.6092072,17.7977544,4.8114528,10.744095999999999,7.0536584,2.1429112,1.4463760606060605,1.7002018804713808,0.00017499999376013875,0.0,0.0,0.0,0.0,0.00040818706630124207,0.0007468259895444362,1.0,1.0,2.0,0.8351595380284269,81.3951,24.6049,0.0,0.0,0.0,17149,24.6,,,,,,,,,,,,
DeadlineAwarePF,edge_fade,3,18.010727199999998,13.0638448,4.9468824,8.8354424,4.2284024,1.0622232,0.9596726666666666,1.171788625701459,0.038100000470876694,0.00025448171072639525,0.01505,0.01505,0.047562735123783166,0.06487197073616827,0.09355621461310326,1.0,8.0,20.0,0.8331454849925187,57.2442,48.7558,0.0,0.0,0.0,17496,22.5,,,,,,,,,,,,
DeadlineAwarePF,bursty_urllc,3,21.8578304,13.779184,8.0786464,8.8184,4.960784,1.3668632,1.211028148148148,1.2773127306397305,0.06485000252723694,4.3864081817446277e-05,0.009966666666666665,0.009966666666666665,0.029606367309002447,0.11716316028984493,0.1416043703277746,1.0,13.0,32.0,0.9316862062162632,50.6758,55.3242,0.0,0.0,0.0,28567,23.0,,,,,,,,,,,,
DeadlineAwarePF,mixed_dynamic,3,21.4748528,14.964184000000001,6.5106687999999995,9.94912,5.015064000000001,1.308904,1.2119481481481482,1.3578330106621772,0.05640000104904175,0.0,0.0,0.0,0.04638944266294043,0.09054352056038396,0.1154624011766869,1.0,14.0,36.0,0.8724221301263321,58.4704,47.5296,0.0,0.0,0.0,23127,23.7,,,,,,,,,,,,
DeadlineAwarePF,hotspot_unseen,3,19.5019816,13.4608616,6.041119999999999,8.3110912,5.1497703999999995,1.5440048000000002,1.018108888888889,1.2708040140291808,0.12325000017881393,0.0013801908353343606,0.04488333333333334,0.04488333333333334,0.10538912084823446,0.18373551206536196,0.2614223281684545,1.0,46.0,87.0,0.8924788933539809,53.0317,52.9683,0.0,0.0,0.0,21052,22.9,,,,,,,,,,,,
DeadlineAwarePF,tight_sla,3,19.8780016,14.947761599999998,4.9302399999999995,8.996232,5.9515296,1.7545287999999999,1.212090303030303,1.428871285072952,0.0013749999925494194,0.0,0.0,0.0,0.0,0.005350332972849906,0.008633093525179856,1.0,2.0,4.0,0.8744641443412204,76.8761,29.1239,0.0,0.0,0.0,17569,24.6,,,,,,,,,,,,
DeadlineAwarePF,nominal_hetero,4,19.8587048,14.875191199999998,4.9835136,8.9979424,5.8772488,1.6798743999999999,1.211540606060606,1.4175949837261503,7.500000356230885e-05,0.0,0.0,0.0,0.0,0.0004536690484291709,0.0010649627263045794,1.0,1.0,2.0,0.8743851382340743,80.0946,25.9054,0.0,0.0,0.0,17634,24.7,,,,,,,,,,,,
DeadlineAwarePF,load_surge,4,22.6177584,17.6785136,4.939244799999999,10.737981600000001,6.940532,1.9281184,1.447059696969697,1.6802717951739623,0.0,0.0,0.0,0.0,0.0,0.0,0.0,1.0,1.0,2.0,0.8368665676688687,82.2311,23.7689,0.0,0.0,0.0,17487,24.7,,,,,,,,,,,,
DeadlineAwarePF,edge_fade,4,18.1037728,13.172832,4.9309408,9.0020016,4.1708304,0.9855368,0.912534074074074,1.175119548821549,0.04177499935030937,0.004041037522256374,0.08705000000000002,0.08705000000000002,0.05067496638743929,0.06441840525864533,0.08817025981205086,1.0,8.0,23.0,0.8259522828269282,56.9351,49.0649,0.0,0.0,0.0,17495,22.7,,,,,,,,,,,,
DeadlineAwarePF,bursty_urllc,4,22.4981344,14.590348800000001,7.9077855999999995,9.0023544,5.5879944,1.519628,1.2118484848484847,1.3752344511784511,0.019874999299645424,1.846439226937946e-05,0.0016333333333333332,0.0016333333333333332,0.00567254459221909,0.03315370614895971,0.03606271777003484,1.0,4.0,14.0,0.9405579298752471,62.977,43.023,0.0,0.0,0.0,28021,25.0,,,,,,,,,,,,
DeadlineAwarePF,mixed_dynamic,4,22.1204104,15.752596,6.3678144,10.3364224,5.4161736,1.3467224,1.246965185185185,1.4329741015712683,0.052925001829862595,0.0,0.0,0.0,0.03737201804296696,0.08261640798226164,0.09638095238095239,1.0,12.0,31.0,0.86119720508998,58.3562,47.6438,0.0,0.0,0.0,22550,24.0,,,,,,,,,,,,
DeadlineAwarePF,hotspot_unseen,4,19.934616,13.98316,5.951456,8.4884296,5.4947304,1.5982128,1.0581685185185186,1.3238032581369248,0.0931750014424324,0.0011814995668828487,0.03186666666666667,0.03186666666666667,0.09865147870428356,0.14443593914457947,0.19386694386694386,1.0,22.0,42.0,0.8881449274163145,54.3093,51.6907,0.0,0.0,0.0,20902,22.7,,,,,,,,,,,,
DeadlineAwarePF,tight_sla,4,19.828282400000003,14.9006408,4.9276416,9.007416,5.8932248,1.7040704000000002,1.2135857575757574,1.4208002126823793,0.001724999980069697,0.0,0.0,0.0,0.0,0.006366139022711631,0.008856682769726247,1.0,2.0,4.0,0.8720985923047313,73.1579,32.8421,0.0,0.0,0.0,17436,24.4,,,,,,,,,,,,
SLAWeightedPF,nominal_hetero,0,19.7800744,14.8279496,4.9521248,8.991105600000001,5.836844000000001,1.6446656000000002,1.2120990909090907,1.4110897373737374,0.0008249999955296516,0.0,0.0,0.0,0.0,0.0030746455616921936,0.004707837164220438,2.0,4.0,5.0,0.8728127639490771,78.9459,27.0541,0.0,0.0,0.0,17563,30.2,,,,,,,,,,,,
SLAWeightedPF,load_surge,0,22.891679200000002,17.8691288,5.0225504,10.7437224,7.1254064,2.1478376,1.446850606060606,1.7105815639730642,0.0037249999586492777,0.0,0.0,0.0,0.0,0.007640020223582945,0.014945289564985321,2.0,4.0,5.0,0.8438396637294245,77.2766,28.7234,0.0,0.0,0.0,17801,30.7,,,,,,,,,,,,
SLAWeightedPF,edge_fade,0,16.139569599999998,11.2477408,4.891828800000001,7.461764,3.7859768000000003,0.9855104000000001,0.9095726666666667,1.019642377665544,0.07057499885559082,0.008758659474551678,0.16171666666666665,0.16171666666666665,0.11536421425709234,0.10984563797190264,0.14995925020374898,3.0,11.0,23.0,0.8699225623285751,47.6513,58.3487,0.0,0.0,0.0,17297,28.9,,,,,,,,,,,,
SLAWeightedPF,bursty_urllc,0,22.554250399999997,14.580320799999999,7.973929599999999,8.9943408,5.58598,1.5145568,1.2115060606060606,1.3743020780022448,0.04977500066161156,2.0065217540832236e-05,0.0011499999999999998,0.0011499999999999998,0.0012016581098792777,0.08466786863223388,0.10678608336203926,2.0,11.0,34.0,0.9420008365818909,57.0756,48.9244,0.0,0.0,0.0,28287,31.2,,,,,,,,,,,,
SLAWeightedPF,mixed_dynamic,0,20.4112152,13.9759952,6.435219999999999,9.2798888,4.6961064,1.1538008,1.0683340740740739,1.2680531391694725,0.06984999775886536,5.955496453680098e-05,0.004116666666666667,0.004116666666666667,0.07960608118592799,0.11760846745976207,0.15721540414727042,3.0,17.849999999998545,38.0,0.8820569155560714,52.2405,53.7595,0.0,0.0,0.0,22864,30.6,,,,,,,,,,,,
SLAWeightedPF,hotspot_unseen,0,20.181995999999998,14.3011416,5.8808544,8.653056,5.6480856,1.6385472,1.171561111111111,1.359079632996633,0.07762499898672104,0.0,0.0,0.0,0.08125440694168834,0.11118683672475903,0.15370903606197725,2.0,23.0,42.0,0.8931393959413272,62.6199,43.3801,0.0,0.0,0.0,20542,30.8,,,,,,,,,,,,
SLAWeightedPF,tight_sla,0,19.6178568,14.807852800000001,4.810003999999999,8.9999448,5.807908,1.6066776,1.211972121212121,1.4069008905723905,0.0010499999625608325,0.0,0.0,0.0,0.0,0.004040049183207448,0.010055304172951232,2.0,4.0,5.0,0.86583872765622,79.4483,26.5517,0.0,0.0,0.0,17079,31.1,,,,,,,,,,,,
SLAWeightedPF,nominal_hetero,1,19.6817016,14.754424800000002,4.9272768,8.9973728,5.757052,1.6097712000000002,1.212212727272727,1.4009539668911335,0.00019999999494757503,0.0001175082943518646,0.002616666666666667,0.002616666666666667,0.0,0.0024090856946197086,0.0033076074972436605,2.0,4.0,5.0,0.8702911745499042,75.4876,30.5124,0.0,0.0,0.0,17434,30.9,,,,,,,,,,,,
SLAWeightedPF,load_surge,1,22.3123944,17.424916800000002,4.8874776,10.7456624,6.6792544,1.8116720000000002,1.4472581818181818,1.6427526537598205,0.0019000000320374966,0.0,0.0,0.0,0.004152400227947109,0.0032854919591907314,0.005480104836788182,2.0,4.0,5.0,0.8307964422988835,74.4373,31.5627,0.0,0.0,0.0,17349,31.4,,,,,,,,,,,,
SLAWeightedPF,edge_fade,1,17.8246864,12.864509600000002,4.960176799999999,8.686084000000001,4.1784256,0.9527216,0.8821496296296295,1.1546166279461278,0.019474999979138374,0.0031033779960125685,0.06951666666666667,0.06951666666666667,0.046056772119289616,0.04183766529867761,0.06186666666666667,3.0,6.0,11.0,0.8388687928719578,60.1051,45.8949,0.0,0.0,0.0,17544,30.4,,,,,,,,,,,,
SLAWeightedPF,bursty_urllc,1,22.924332,14.9369016,7.9874304,9.0017704,5.935131200000001,1.7540192000000001,1.2124075757575756,1.427355534231201,0.016100000590085983,0.0,0.0,0.0,0.0,0.03494405421622957,0.04649956784788246,2.0,5.0,16.0,0.9505182151004191,63.6598,42.3402,0.0,0.0,0.0,28331,32.2,,,,,,,,,,,,
SLAWeightedPF,mixed_dynamic,1,20.5709264,14.106092,6.464834399999999,9.3589216,4.7471704,1.1260992,1.0426844444444445,1.2778308557800224,0.07147499918937683,0.0,0.0,0.0,0.07428015757735565,0.11111595846784748,0.132252027448534,2.0,23.0,50.0,0.8791557557113961,57.5451,48.4549,0.0,0.0,0.0,22922,30.9,,,,,,,,,,,,
SLAWeightedPF,hotspot_unseen,1,20.439968,14.3047592,6.135208799999999,8.5432632,5.761495999999999,1.6939248,1.0847774074074072,1.366558832210999,0.05274999886751175,0.0,0.0,0.0,0.08430959175207224,0.08566605711070474,0.12072717961848675,2.0,16.0,58.0,0.8973228930507149,59.4225,46.5775,0.0,0.0,0.0,21327,31.0,,,,,,,,,,,,
SLAWeightedPF,tight_sla,1,20.034362400000003,14.9808744,5.053488,8.9977528,5.9831216,1.7927232,1.2114351515151516,1.434071864758698,0.0013500000350177288,1.600028554094024e-06,0.0001333333333333333,0.0001333333333333333,0.0,0.005251396648044693,0.009794776119402986,2.0,4.0,5.0,0.8792649284878747,77.9138,28.0862,0.0,0.0,0.0,17900,30.4,,,,,,,,,,,,
SLAWeightedPF,nominal_hetero,2,19.921784,14.9214712,5.0003128,8.999212,5.9222592,1.7460495999999999,1.2113133333333332,1.4254971049382714,0.0026000000070780516,0.0,0.0,0.0,0.0,0.007661313205833948,0.014293276866066702,2.0,4.0,6.0,0.8757764739335474,76.8927,29.1073,0.0,0.0,0.0,17621,30.7,,,,,,,,,,,,
SLAWeightedPF,load_surge,2,22.3044912,17.5036488,4.8008424,10.7469392,6.756709600000001,1.7510096000000002,1.446961212121212,1.6526573254769923,0.0002500000118743628,0.0,0.0,0.0,0.0081619298817449,0.0007595676307332749,0.0011830819284235432,2.0,4.0,5.0,0.8276020412205576,79.8065,26.1935,0.0,0.0,0.0,17115,30.9,,,,,,,,,,,,
SLAWeightedPF,edge_fade,2,18.3522832,13.485739999999998,4.866543200000001,8.9938296,4.4919104,1.0969456,1.0156903703703704,1.2188211049382716,0.023125000298023224,8.900136890588328e-05,0.004399999999999999,0.004399999999999999,0.037294457186034684,0.03880683463654793,0.06077502090883747,2.0,5.0,16.0,0.8342680579019105,64.2124,41.7876,0.0,0.0,0.0,17265,30.4,,,,,,,,,,,,
SLAWeightedPF,bursty_urllc,2,22.2969568,14.364804800000002,7.932152,8.998347200000001,5.3664575999999995,1.5948632,1.211660909090909,1.348938744107744,0.0700249969959259,0.00013709068298339844,0.006883333333333334,0.006883333333333334,0.0030631706464253694,0.115866053279127,0.14569874192451548,2.0,15.0,30.0,0.9386963878544272,56.4437,49.5563,0.0,0.0,0.0,28041,31.6,,,,,,,,,,,,
SLAWeightedPF,mixed_dynamic,2,19.9407104,13.3985408,6.5421696,8.7673328,4.631208,1.1562744,1.0706244444444444,1.2228777126823793,0.09157499670982361,0.0,0.0,0.0,0.09423621278068924,0.14583513163573586,0.16601682741637594,3.0,27.0,57.0,0.8956610221105128,52.0439,53.9561,0.0,0.0,0.0,23170,30.4,,,,,,,,,,,,
SLAWeightedPF,hotspot_unseen,2,19.7783208,13.816355999999999,5.9619648000000005,8.5970816,5.2192744,1.1751128,1.0880674074074073,1.287464515151515,0.07507500052452087,0.0,0.0,0.0,0.10127753482923119,0.11737179796420474,0.16673200052267084,3.0,20.0,44.0,0.8755963009109068,60.0841,45.9159,0.0,0.0,0.0,20729,30.1,,,,,,,,,,,,
SLAWeightedPF,tight_sla,2,19.8483992,14.937067999999998,4.911331199999999,9.0026856,5.9343824,1.7426359999999999,1.2131118181818183,1.4267678400673403,0.000375000003259629,1.6426890852017095e-06,0.0002666666666666666,0.0002666666666666666,0.0,0.0029866176555051406,0.004309252217997465,2.0,4.0,5.0,0.8725017035875445,78.3839,27.6161,0.0,0.0,0.0,17411,30.1,,,,,,,,,,,,
SLAWeightedPF,nominal_hetero,3,19.854291200000002,14.945423199999999,4.908868,8.9991328,5.9462904,1.7478296,1.2119454545454547,1.428249297979798,0.0,0.0,0.0,0.0,0.0,0.0003438592469482492,0.0004935834155972359,2.0,4.0,5.0,0.8734848612815573,79.0487,26.9513,0.0,0.0,0.0,17449,30.2,,,,,,,,,,,,
SLAWeightedPF,load_surge,3,22.701890399999996,17.8907616,4.8111288,10.744095999999999,7.1466655999999995,2.1436184000000003,1.4463760606060605,1.712720423681257,0.0001250000059371814,0.0,0.0,0.0,0.0,0.00040823467661981686,0.0008746355685131195,2.0,4.0,5.0,0.835956663436219,81.8014,24.1986,0.0,0.0,0.0,17147,30.3,,,,,,,,,,,,
SLAWeightedPF,edge_fade,3,18.0016008,13.054776,4.9468248,8.6969128,4.357863200000001,1.1201648,1.0229406666666667,1.1808053945005612,0.038624998182058334,0.0,0.0,0.0,0.04085413111231628,0.06498628257887518,0.09517390132111081,3.0,8.0,20.0,0.843204359234111,57.5924,48.4076,0.0,0.0,0.0,17496,29.7,,,,,,,,,,,,
SLAWeightedPF,bursty_urllc,3,21.8848696,13.806432,8.078437599999999,8.738952,5.06748,1.3997432,1.200781212121212,1.286442689674523,0.06552500277757645,0.00019568056450225413,0.02548333333333333,0.02548333333333333,0.02949831626523179,0.12025205671276037,0.14591719378953422,2.0,13.0,32.0,0.9361858089932867,51.1887,54.8113,0.0,0.0,0.0,28565,30.3,,,,,,,,,,,,
SLAWeightedPF,mixed_dynamic,3,21.246690400000002,14.736155199999999,6.5105352,9.6185888,5.1175664,1.3589727999999999,1.258308148148148,1.3496781711560046,0.0551999993622303,0.0,0.0,0.0,0.04639603862137906,0.09154594594594595,0.11511585141596176,2.0,14.0,36.0,0.8851169748050312,58.9205,47.0795,0.0,0.0,0.0,23125,30.3,,,,,,,,,,,,
SLAWeightedPF,hotspot_unseen,3,19.593997599999998,13.553011999999999,6.040985600000001,8.3212376,5.231774399999999,1.5681775999999998,1.0340362962962963,1.2826499337822672,0.12527500092983246,0.001016962924040854,0.04388333333333333,0.04388333333333333,0.1034433542169893,0.18836999382393463,0.26900662251655627,3.0,46.0,87.0,0.8947778442476492,53.3672,52.6328,0.0,0.0,0.0,21049,29.9,,,,,,,,,,,,
SLAWeightedPF,tight_sla,3,19.922389600000002,14.992246399999999,4.9301432,8.996232,5.9960144,1.7988127999999999,1.212090303030303,1.4357331245791247,0.0014750000555068254,0.0,0.0,0.0,0.0,0.007969941933280201,0.011450381679389313,2.0,4.0,5.0,0.8753153609174246,77.2931,28.7069,0.0,0.0,0.0,17566,30.0,,,,,,,,,,,,
SLAWeightedPF,nominal_hetero,4,19.949187999999996,14.965761599999999,4.9834264,8.9979424,5.9678192,1.7704448,1.211540606060606,1.4315718973063973,7.500000356230885e-05,0.0,0.0,0.0,0.0,0.0004536947768388816,0.0010649627263045794,2.0,4.0,5.0,0.876302940846636,80.5494,25.4506,0.0,0.0,0.0,17633,30.4,,,,,,,,,,,,
SLAWeightedPF,load_surge,4,22.724363200000003,17.785588,4.9387752,10.7371672,7.0484208,2.033264,1.4469727272727273,1.6967897446689113,0.0,0.0,0.0,0.0,0.0,0.0,0.0,2.0,4.0,5.0,0.8389652696327031,82.6591,23.3409,0.0,0.0,0.0,17483,30.5,,,,,,,,,,,,
SLAWeightedPF,edge_fade,4,18.2491432,13.3184624,4.9306808,8.954004,4.3644584,1.0650672,0.9861733333333333,1.1988020735129068,0.0432250015437603,0.0008050948963500559,0.039766666666666665,0.039766666666666665,0.044019681373915404,0.06556908477676784,0.09010503040353787,3.0,8.0,23.0,0.8344854277831886,57.2405,48.7595,0.0,0.0,0.0,17493,29.9,,,,,,,,,,,,
SLAWeightedPF,bursty_urllc,4,22.6621064,14.754673600000002,7.9074328000000005,9.0023544,5.7523192000000005,1.6237656,1.2118484848484847,1.3996644017957351,0.02042499929666519,0.0,0.0,0.0,0.002303577435292251,0.03501195617259717,0.03715718077263344,2.0,5.0,14.0,0.9445868879865489,63.616,42.384,0.0,0.0,0.0,28019,31.7,,,,,,,,,,,,
SLAWeightedPF,mixed_dynamic,4,22.1006952,15.732896,6.3677992,10.2166384,5.516257599999999,1.3932688,1.2900637037037035,1.4384167328843995,0.05252499878406525,0.0,0.0,0.0,0.03693242213170741,0.08386553131098101,0.10078110116212612,2.0,11.0,31.0,0.8666434575876693,58.7627,47.2373,0.0,0.0,0.0,22548,30.5,,,,,,,,,,,,
SLAWeightedPF,hotspot_unseen,4,19.893612,13.942444799999999,5.9511672,8.417256,5.5251888000000005,1.6071464,1.067461111111111,1.3236155140291808,0.0934000015258789,0.0007624177960678935,0.0279,0.0279,0.09660474661535685,0.14622009569377992,0.19594594594594594,3.0,22.0,41.0099999999984,0.8917596863781613,54.7295,51.2705,0.0,0.0,0.0,20900,29.9,,,,,,,,,,,,
SLAWeightedPF,tight_sla,4,19.878104800000003,14.950528799999999,4.927576,9.007416,5.9431128,1.7442288000000001,1.2135857575757574,1.428295367003367,0.0020749999675899744,0.0,0.0,0.0,0.0,0.008546518297579443,0.012756378189094548,2.0,4.0,5.0,0.8730382821739058,73.5447,32.4553,0.0,0.0,0.0,17434,30.0,,,,,,,,,,,,
ReferenceClassPF,nominal_hetero,0,19.7410912,14.78856,4.952531199999999,8.9918856,5.796674400000001,1.6048328,1.2120990909090907,1.4049573423120088,0.003800000064074993,1.0791859494929668e-05,0.0010333333333333332,0.0010333333333333332,0.0,0.008425367186610497,0.010520487264673311,1.0,2.0,5.0,0.8718085773694051,78.5901,27.4099,0.376,0.0143,0.0088,17566,116.45,0.26048498152271576,1.1344933382630649,0.26048498152271576,1.1344933382630649,0.0,0.0,,,,,,
ReferenceClassPF,load_surge,0,22.8862504,17.863511199999998,5.0227392,10.743883199999999,7.1196280000000005,2.1477904,1.446850606060606,1.7099204096520761,0.00937500037252903,0.0,0.0,0.0,0.0,0.013368533393248328,0.018943436499466382,1.0,2.0,8.0,0.8438214218869803,76.9856,29.0144,0.5588,0.02,0.0137,17803,117.6,0.2751652721219909,1.1206921300945198,0.2751652721219909,1.1206921300945198,0.0,0.0,,,,,,
ReferenceClassPF,edge_fade,0,16.495867200000003,11.604049600000002,4.8918176,7.764188000000001,3.8398616,0.9833335999999999,0.9104940740740739,1.0470278630751964,0.24527500569820404,0.005707412026822567,0.11855,0.11855,0.09965581004269049,0.2931144129039718,0.3099701168160826,2.0,37.0,54.0,0.8592789774557921,48.157,57.843,11.6923,0.347,0.305,17297,129.2,0.5257829784540589,2.451914034875808,0.5257829784540589,2.451914034875808,0.0,0.0,,,,,,
ReferenceClassPF,bursty_urllc,0,22.5149768,14.540664000000003,7.9743128,8.994142400000001,5.5465216,1.5022392,1.211430909090909,1.3686202996632997,0.1168999969959259,7.869246474001557e-05,0.00265,0.00265,0.0011809710904824456,0.18434075645104278,0.18942655415877388,1.0,30.0,57.0,0.9411215524182244,57.1737,48.8263,5.6404,0.174,0.1423,28290,128.8,0.4519336222963268,1.5606487940353244,0.4519336222963268,1.5606487940353244,0.0,0.0,,,,,,
ReferenceClassPF,mixed_dynamic,0,20.6762304,14.240928,6.435302399999999,9.531632,4.709296,1.1465288,1.0616007407407406,1.2866977850729517,0.1467750072479248,0.00026790876290760934,0.010266666666666667,0.010266666666666667,0.07103550381316852,0.23323857424010497,0.24183197199533255,1.0,39.0,68.0,0.8742614755529592,52.8884,53.1116,7.3348,0.2296,0.1841,22865,128.55,0.48915371122028145,1.843982549416308,0.48915371122028145,1.843982549416308,0.0,0.0,,,,,,
ReferenceClassPF,hotspot_unseen,0,20.237624,14.356520000000002,5.881104,8.725857600000001,5.6306624,1.6172928,1.1844348148148147,1.3615937957351292,0.13590000569820404,0.0,0.0,0.0,0.07944754759284918,0.1758177570093458,0.21126953660542913,1.0,64.0,81.0,0.8911738961235643,63.0856,42.9144,6.0221,0.1732,0.1588,20544,123.8,0.39569477426616506,1.605737257429931,0.39569477426616506,1.605737257429931,0.0,0.0,,,,,,
ReferenceClassPF,tight_sla,0,19.5867616,14.776403199999999,4.8103584,8.9999024,5.7765008,1.576052,1.211972121212121,1.4020632177328842,0.002524999901652336,0.0,0.0,0.0,0.0,0.010478253234209449,0.014827846192510681,1.0,2.0,5.0,0.8650427157584496,79.1539,26.8461,0.313,0.0117,0.0069,17083,116.0,0.2552160982290031,1.1126376156985402,0.2552160982290031,1.1126376156985402,0.0,0.0,,,,,,
ReferenceClassPF,nominal_hetero,1,19.6336848,14.706270400000001,4.9274144,8.9974648,5.7088056,1.5708192,1.212212727272727,1.3938742138047138,0.004224999807775021,0.0001900298084365204,0.003,0.003,0.0,0.010151993117292802,0.01350606394707828,1.0,3.0,7.0,0.869229635482991,75.2239,30.7761,0.6034,0.0246,0.0126,17435,118.3,0.2915656133853362,1.2279057235979247,0.2915656133853362,1.2279057235979247,0.0,0.0,,,,,,
ReferenceClassPF,load_surge,1,22.249288,17.3617936,4.8874944,10.7456624,6.616131200000001,1.77926,1.4472581818181818,1.6334853574635242,0.003700000001117587,0.0,0.0,0.0,0.005218914695866642,0.008645533141210375,0.012151536812008578,1.0,3.0,6.0,0.8296083939592217,74.1822,31.8178,0.3914,0.0172,0.008,17350,116.8,0.301794393046658,1.1438427888186768,0.301794393046658,1.1438427888186768,0.0,0.0,,,,,,
ReferenceClassPF,edge_fade,1,17.8298424,12.8713248,4.9585176,8.739760799999999,4.131564,0.9257208,0.8571488888888888,1.151650859708193,0.08309999853372574,0.005149831064045429,0.074,0.074,0.04788718836074409,0.11791538373816855,0.1323671497584541,1.0,13.0,22.0,0.8350948211056259,60.2983,45.7017,5.1043,0.162,0.1293,17538,124.5,0.42378710773803613,1.9760245263828575,0.42378710773803613,1.9760245263828575,0.0,0.0,,,,,,
ReferenceClassPF,bursty_urllc,1,22.8971744,14.909737600000001,7.9874368,9.0019072,5.907830399999999,1.7277672,1.2124075757575756,1.4231775218855216,0.03584999963641167,0.0,0.0,0.0,0.0,0.07345051531836792,0.08236272878535773,1.0,8.0,26.0,0.9498977998767215,63.4462,42.5538,2.2518,0.0782,0.0527,28332,126.3,0.3989878377373756,1.2858803954909257,0.3989878377373756,1.2858803954909257,0.0,0.0,,,,,,
ReferenceClassPF,mixed_dynamic,1,20.801653599999998,14.336371999999999,6.465281599999999,9.570739999999999,4.765632,1.108108,1.026025925925926,1.2941620695847362,0.14395000040531158,0.0,0.0,0.0,0.0670620041519022,0.20885496183206106,0.2178117048346056,1.0,62.0,76.0,0.8726982253126908,57.9759,48.0241,6.3885,0.1899,0.1665,22925,127.7,0.44318371762564357,1.988671916928072,0.44318371762564357,1.988671916928072,0.0,0.0,,,,,,
ReferenceClassPF,hotspot_unseen,1,20.4537232,14.318273600000003,6.135449600000001,8.5608368,5.7574368,1.6901088000000002,1.0928522222222221,1.3672911346801346,0.09690000116825104,0.0,0.0,0.0,0.08361195970218892,0.1388719583665432,0.17308923313276148,1.0,31.0,73.0,0.8971889799491592,59.8172,46.1828,5.0791,0.1545,0.1278,21329,127.6,0.4280164508476415,1.5234594078628547,0.4280164508476415,1.5234594078628547,0.0,0.0,,,,,,
ReferenceClassPF,tight_sla,1,20.032956799999997,14.979430400000002,5.053526400000001,8.9977528,5.9816776,1.7919288000000002,1.2114351515151516,1.4338590499438835,0.004100000020116568,9.299727025791071e-06,0.0003,0.0003,0.0,0.015473131493687856,0.01981300089047195,1.0,2.0,5.0,0.8792444807266151,77.5765,28.4235,0.4701,0.0191,0.0097,17902,117.7,0.2696883365868086,1.1025956555702505,0.2696883365868086,1.1025956555702505,0.0,0.0,,,,,,
ReferenceClassPF,nominal_hetero,2,19.9153824,14.9149248,5.0004576,8.999212,5.9157128,1.7414999999999998,1.2113133333333332,1.424563895061728,0.007474999874830246,0.0,0.0,0.0,0.0,0.016568315932818885,0.02090500132310135,1.0,3.0,8.0,0.8756820201158136,76.6251,29.3749,0.6306,0.0235,0.0146,17624,117.2,0.27861457804790707,1.1440211222779852,0.27861457804790707,1.1440211222779852,0.0,0.0,,,,,,
ReferenceClassPF,load_surge,2,22.2651016,17.4639336,4.801168,10.7469392,6.7169944,1.7150656000000002,1.446961212121212,1.6465866341189672,0.0007249999907799065,0.0,0.0,0.0,0.00929026929503377,0.00198621334268022,0.0031257513825438807,1.0,2.0,4.0,0.8266303328569151,79.4674,26.5326,0.1764,0.0098,0.0035,17118,117.4,0.2526994557715434,1.1790796744720884,0.2526994557715434,1.1790796744720884,0.0,0.0,,,,,,
ReferenceClassPF,edge_fade,2,18.302943199999998,13.436232799999999,4.8667104000000005,8.9938296,4.4424032,1.0682368,0.9891081481481481,1.2117386790123457,0.060474999248981476,0.0006719359080307186,0.036533333333333334,0.036533333333333334,0.039269814302897034,0.0834539873747611,0.0984109283523836,1.0,12.0,25.0,0.8325079665039865,64.3767,41.6233,3.3685,0.1081,0.0848,17267,121.8,0.3887677653516462,1.8620444826045202,0.3887677653516462,1.8620444826045202,0.0,0.0,,,,,,
ReferenceClassPF,bursty_urllc,2,22.2235296,14.291363200000001,7.9321664,8.998347200000001,5.293016000000001,1.5747544,1.211660909090909,1.3392516083052748,0.13497500121593475,0.0004382178885862231,0.014516666666666669,0.014516666666666669,0.0036914489329561337,0.2070822337921689,0.22254335260115607,1.0,42.0,58.0,0.9372824784007279,56.5226,49.4774,5.8718,0.1776,0.1496,28042,129.7,0.4575565544096159,1.6920581959096344,0.4575565544096159,1.6920581959096344,0.0,0.0,,,,,,
ReferenceClassPF,mixed_dynamic,2,20.2829016,13.7424208,6.540480800000001,9.0633688,4.679052,1.1590312,1.073177037037037,1.2492616161616161,0.17114999890327454,0.0,0.0,0.0,0.07980604544790727,0.25736119506087557,0.2685167822988937,1.0,73.0,105.0,0.8876751490980072,52.6054,53.3946,8.1027,0.2422,0.2072,23162,129.3,0.49057146989811606,2.0619745840286203,0.49057146989811606,2.0619745840286203,0.0,0.0,,,,,,
ReferenceClassPF,hotspot_unseen,2,19.788892800000003,13.826544000000002,5.9623488,8.6195488,5.2069952,1.1581728,1.0723822222222221,1.2872312312008978,0.13809999823570251,0.0,0.0,0.0,0.10029686194895858,0.18436158410110462,0.2394513389941215,1.0,42.0,74.0,0.8748142311878085,60.5565,45.4435,6.3128,0.1861,0.1634,20731,127.4,0.41897274040752047,1.7421192644860815,0.41897274040752047,1.7421192644860815,0.0,0.0,,,,,,
ReferenceClassPF,tight_sla,2,19.8329072,14.921150400000002,4.9117568,9.003128,5.9180224,1.726812,1.2131118181818183,1.4242848956228957,0.003000000026077032,3.676112464745529e-05,0.0012333333333333332,0.0012333333333333332,0.0,0.01004938555185483,0.01327931577762773,1.0,2.0,5.0,0.8721715653644174,78.0396,27.9604,0.2805,0.0123,0.006,17414,117.2,0.2658660319124156,1.1372588083775703,0.2658660319124156,1.1372588083775703,0.0,0.0,,,,,,
ReferenceClassPF,nominal_hetero,3,19.8131104,14.9041984,4.908912,8.999144000000001,5.9050544,1.7066264,1.2119454545454547,1.421887088103255,0.00019999999494757503,0.0,0.0,0.0,0.0,0.0008022462896109105,0.0017271157167530224,1.0,2.0,4.0,0.8726165460137133,78.7194,27.2806,0.1063,0.0074,0.0019,17451,117.0,0.25983985620622896,1.128535163843787,0.25983985620622896,1.128535163843787,0.0,0.0,,,,,,
ReferenceClassPF,load_surge,3,22.667004,17.8555512,4.8114528,10.744095999999999,7.111455199999999,2.1432583999999997,1.4463760606060605,1.707824534792368,0.0006000000284984708,0.0,0.0,0.0,0.0,0.001924310455420141,0.002987303958177745,1.0,2.0,3.0,0.8356284354468327,81.4489,24.5511,0.0939,0.0047,0.002,17149,117.1,0.23405330907968783,1.0644889407876015,0.23405330907968783,1.0644889407876015,0.0,0.0,,,,,,
ReferenceClassPF,edge_fade,3,18.0681728,13.121908,4.9462648,8.7760032,4.3459048,1.1139312000000001,1.016724,1.1847220656565656,0.09780000150203705,0.0,0.0,0.0,0.041544801117548734,0.14319195152623757,0.16311674305742788,1.0,15.0,35.0,0.8402199658610069,57.8565,48.1435,5.7855,0.183,0.1472,17494,127.2,0.4453913350722654,1.9146305549244986,0.4453913350722654,1.9146305549244986,0.0,0.0,,,,,,
ReferenceClassPF,bursty_urllc,3,22.028508799999997,13.9498624,8.0786464,8.853400800000001,5.0964616,1.4014856,1.2133906060606061,1.2982706689113355,0.1724500060081482,0.0,0.0,0.0,0.022559615872126355,0.28921482829838624,0.2949971247843588,2.0,25.0,53.0,0.934498881783252,51.6379,54.3621,8.5565,0.2578,0.216,28567,131.3,0.49872185845442063,1.7692444721292995,0.49872185845442063,1.7692444721292995,0.0,0.0,,,,,,
ReferenceClassPF,mixed_dynamic,3,21.461047999999998,14.950379200000002,6.5106687999999995,9.841286400000001,5.1090928,1.3498584,1.249868888888889,1.363632654882155,0.10904999822378159,0.0,0.0,0.0,0.042169971219523074,0.16655856790764043,0.17779003493289208,1.0,34.0,51.0,0.8781946237718488,59.1675,46.8325,5.5425,0.1701,0.1408,23127,129.9,0.43363888639304493,1.7622418291210187,0.43363888639304493,1.7622418291210187,0.0,0.0,,,,,,
ReferenceClassPF,hotspot_unseen,3,19.8048256,13.763705599999998,6.041119999999999,8.4657552,5.2979503999999995,1.5927856,1.0497337037037036,1.301800820426487,0.19134999811649323,0.00038258664426393807,0.018483333333333334,0.018483333333333334,0.09448324933231346,0.260117803534106,0.33280360217189775,1.0,103.0,132.0,0.892048479468613,54.3622,51.6378,8.5967,0.2484,0.2253,21052,129.7,0.4731015365634208,1.8388211532779755,0.4731015365634208,1.8388211532779755,0.0,0.0,,,,,,
ReferenceClassPF,tight_sla,3,19.912344,14.982103999999998,4.9302399999999995,8.996232,5.9858720000000005,1.7884920000000002,1.212090303030303,1.4341651863075198,0.007424999959766865,0.0,0.0,0.0,0.0,0.024019579941943196,0.029957522915269395,1.0,3.0,6.0,0.8751284680463799,77.0089,28.9911,0.6964,0.0249,0.0158,17569,120.0,0.27481691588752993,1.1273498695239192,0.27481691588752993,1.1273498695239192,0.0,0.0,,,,,,
ReferenceClassPF,nominal_hetero,4,19.909102400000002,14.925588799999998,4.9835136,8.9979424,5.9276464,1.730272,1.211540606060606,1.4253723911335578,0.0006249999860301614,0.0,0.0,0.0,0.0,0.0013610071452875127,0.002129925452609159,1.0,2.0,3.0,0.8754927354496275,80.1739,25.8261,0.0811,0.0046,0.0016,17634,118.3,0.24613123348062976,1.1454426086632645,0.24613123348062976,1.1454426086632645,0.0,0.0,,,,,,
ReferenceClassPF,load_surge,4,22.677224,17.738112800000003,4.939111199999999,10.7379136,7.000199199999999,1.9859711999999998,1.4470760606060604,1.6894167817059484,4.999999873689376e-05,0.0,0.0,0.0,0.0,0.00034317089910775565,0.000559753708368318,1.0,2.0,3.0,0.8380517773888181,82.2808,23.7192,0.0456,0.0038,0.0007,17484,118.0,0.2263333271032513,1.1101930361720214,0.2263333271032513,1.1101930361720214,0.0,0.0,,,,,,
ReferenceClassPF,edge_fade,4,18.268568799999997,13.337627999999999,4.9309408,9.0020016,4.335626400000001,1.0556024000000002,0.9774096296296297,1.1984444006734007,0.09542500227689743,0.0007951520965434611,0.03816666666666666,0.03816666666666666,0.04377465354248636,0.13798228065161475,0.14676616915422885,1.0,18.0,54.0,0.832259527604825,57.6196,48.3804,5.7551,0.1829,0.1464,17495,128.1,0.44761484374337607,1.9619012307339097,0.44761484374337607,1.9619012307339097,0.0,0.0,,,,,,
ReferenceClassPF,bursty_urllc,4,22.5971432,14.689357600000001,7.9077855999999995,9.0023544,5.6870032,1.5832312,1.2118484848484847,1.389967204264871,0.04677499830722809,0.0,0.0,0.0,0.003512988765476386,0.08190285857035795,0.09164882226980728,1.0,10.0,24.0,0.9430545476652009,63.4515,42.5485,2.5828,0.0841,0.0628,28021,129.6,0.3982481277200951,1.3539361640214935,0.3982481277200951,1.3539361640214935,0.0,0.0,,,,,,
ReferenceClassPF,mixed_dynamic,4,22.1688912,15.801076799999999,6.3678144,10.297584,5.5034928,1.3827752,1.2803474074074073,1.4424907031425365,0.10502500087022781,0.0,0.0,0.0,0.03498536117324013,0.15339246119733924,0.16114285714285714,1.0,31.0,48.0,0.8645368856945831,59.179,46.821,4.9133,0.153,0.1238,22550,129.0,0.43436746000659476,1.707913760658526,0.43436746000659476,1.707913760658526,0.0,0.0,,,,,,
ReferenceClassPF,hotspot_unseen,4,20.074236,14.12278,5.951456,8.5510248,5.5717552,1.6353928,1.0871477777777778,1.3399047890011222,0.17135000228881836,0.0001574843336129561,0.017566666666666664,0.017566666666666664,0.0931001060389998,0.23720218160941536,0.2895010395010395,1.0,41.0,60.0,0.8897495441058749,55.4761,50.5239,8.0463,0.2375,0.2084,20902,130.7,0.46371912968622325,1.7474104714609537,0.46371912968622325,1.7474104714609537,0.0,0.0,,,,,,
ReferenceClassPF,tight_sla,4,19.8563672,14.928725599999998,4.9276416,9.007416,5.921309599999999,1.7264456,1.2135857575757574,1.4250035089786754,0.007375000044703484,0.0,0.0,0.0,0.0,0.0271277816012847,0.033258314578644664,1.0,3.0,7.0,0.8726299219977893,73.2851,32.7149,0.7819,0.0338,0.0168,17436,120.9,0.3095587703986789,1.1672099638063136,0.3095587703986789,1.1672099638063136,0.0,0.0,,,,,,
DemandAwareClassPF,nominal_hetero,0,19.739850399999998,14.78738,4.952470399999999,8.9917248,5.7956552,1.6037624000000001,1.2120990909090907,1.4047876941638606,0.0038499999791383743,1.61079933604924e-05,0.0011166666666666666,0.0011166666666666666,0.0,0.008654557877355805,0.010800332317917475,1.0,3.0,6.0,0.871784501443159,78.7544,27.2456,0.3812,0.0152,0.0088,17563,98.2,0.30071033965512206,1.05924734424753,,,,,,,,,,
DemandAwareClassPF,load_surge,0,22.886261599999997,17.8635224,5.0227392,10.743883199999999,7.1196392,2.1477823999999996,1.446850606060606,1.7099219713804714,0.00937500037252903,0.0,0.0,0.0,0.0,0.013424703701623322,0.018943436499466382,1.0,3.0,8.0,0.8438214992251212,77.1383,28.8617,0.5666,0.0213,0.0138,17803,98.0,0.3137193351732456,1.053732777566683,,,,,,,,,,
DemandAwareClassPF,edge_fade,0,16.549862400000002,11.658051200000001,4.8918112,7.8108192,3.847232,0.9808584,0.9082022222222221,1.0509632098765431,0.2478249967098236,0.005795404314994812,0.11661666666666667,0.11661666666666667,0.09850893910718907,0.2954269526507487,0.3124151045911437,2.0,37.0,54.0,0.8574115219360856,48.1861,57.8139,11.8328,0.3525,0.3078,17297,105.6,0.547551290792144,2.129133751838697,,,,,,,,,,
DemandAwareClassPF,bursty_urllc,0,22.521722399999998,14.547748,7.9739743999999995,8.9945904,5.5531576000000005,1.5033952,1.2115060606060606,1.3695883496071832,0.1177000030875206,0.00010256095265503973,0.0034166666666666664,0.0034166666666666664,0.0011176214469086454,0.18641071870470535,0.1910093007233896,2.0,30.0,57.0,0.9412483550871144,57.4009,48.5991,5.7527,0.1796,0.1441,28287,104.2,0.47262465150965327,1.4329443361398857,,,,,,,,,,
DemandAwareClassPF,mixed_dynamic,0,20.7274352,14.292132800000001,6.435302399999999,9.5768792,4.7152536000000005,1.1451992,1.0603696296296294,1.2904783439955108,0.14749999344348907,0.0003071976243518293,0.010550000000000002,0.010550000000000002,0.06989185554496435,0.23511917778263722,0.24256126021003502,2.0,39.0,68.0,0.872933663616662,52.991,53.009,7.4353,0.2351,0.1862,22865,104.9,0.5103917301286257,1.6140382767953214,,,,,,,,,,
DemandAwareClassPF,hotspot_unseen,0,20.242831199999998,14.3618168,5.881014400000001,8.7271552,5.634661599999999,1.618748,1.1843677777777777,1.3622606907968573,0.1361750066280365,0.0,0.0,0.0,0.07942810455321345,0.17622432090351475,0.21170985876868229,2.0,64.0,81.0,0.8912163432442572,63.2363,42.7637,6.0409,0.1743,0.1591,20542,103.1,0.4233982208305957,1.4759880672998429,,,,,,,,,,
DemandAwareClassPF,tight_sla,0,19.5860512,14.775848000000002,4.8102032,8.9999448,5.7759032,1.5752912000000001,1.211972121212121,1.4019714214365881,0.0027749999426305294,0.0,0.0,0.0,0.0,0.011768838924995608,0.016591251885369532,1.0,3.0,5.0,0.8650167097161859,79.27,26.73,0.3572,0.0131,0.0079,17079,97.0,0.2980031079140212,1.0478529536483483,,,,,,,,,,
DemandAwareClassPF,nominal_hetero,1,19.6326952,14.7052808,4.9274144,8.997527999999999,5.7077528,1.5700176000000001,1.212212727272727,1.393726312570146,0.0043750000186264515,0.00020910645253024995,0.00305,0.00305,0.0,0.01055348437051907,0.013781697905181918,1.0,4.0,7.0,0.8692054689654524,75.3784,30.6216,0.6215,0.0265,0.0129,17435,98.15,0.32951151929285044,1.1033141622896236,,,,,,,,,,
DemandAwareClassPF,load_surge,1,22.2510512,17.363556799999998,4.8874944,10.7456624,6.6178944,1.7790592,1.4472581818181818,1.633727147586981,0.0037499999161809683,0.0,0.0,0.0,0.005220915463529603,0.00899135446685879,0.012628067667381462,1.0,3.0,6.0,0.829628974608326,74.3221,31.6779,0.397,0.0181,0.0082,17350,132.0,0.33861184152706614,1.0629247504957586,,,,,,,,,,
DemandAwareClassPF,edge_fade,1,17.830351999999998,12.8718344,4.9585176,8.745963999999999,4.1258704,0.9173224,0.8493725925925926,1.1510290190796857,0.08429999649524689,0.005713332444429398,0.07468333333333334,0.07468333333333334,0.048458920414705724,0.11916980271410652,0.13405797101449277,2.0,13.0,22.0,0.8343734116595815,60.3662,45.6338,5.1714,0.1671,0.1307,17538,159.2,0.4522080282844274,1.640878681165247,,,,,,,,,,
DemandAwareClassPF,bursty_urllc,1,22.900016,14.912579199999998,7.9874368,9.0019368,5.9106424,1.7307168000000002,1.2124075757575756,1.423625207070707,0.0364999994635582,0.0,0.0,0.0,0.0,0.07570944515036002,0.08509626812455431,2.0,8.0,26.0,0.9499670865313788,63.7377,42.2623,2.3106,0.0809,0.0543,28332,160.4,0.42140156903887244,1.1679349313936274,,,,,,,,,,
DemandAwareClassPF,mixed_dynamic,1,20.8416408,14.37654,6.4651008,9.6067904,4.769749599999999,1.1038888,1.0221192592592592,1.297037519079686,0.14399999380111694,0.0,0.0,0.0,0.06652719444954328,0.20901317511560946,0.21852731591448932,2.0,62.0,76.0,0.8715918353666502,58.1522,47.8478,6.4206,0.1915,0.1667,22922,162.9,0.46660442943677954,1.7304912481286745,,,,,,,,,,
DemandAwareClassPF,hotspot_unseen,1,20.457292,14.3219472,6.1353447999999995,8.559305599999998,5.7626416,1.6898648,1.0921244444444442,1.3678917951739618,0.09775000065565109,0.0,0.0,0.0,0.0836869731493805,0.14113564964598865,0.17628984765074895,2.0,31.0,73.0,0.8972700695264627,59.9747,46.0253,5.1606,0.1595,0.1292,21327,107.0,0.4515691285873539,1.3657395809972361,,,,,,,,,,
DemandAwareClassPF,tight_sla,1,20.0328344,14.979308000000001,5.053526400000001,8.9977528,5.9815552,1.7918736,1.2114351515151516,1.4338411980920316,0.00419999985024333,1.0231176020170096e-05,0.0003,0.0003,0.0,0.01608758797899676,0.020258236865538737,1.0,3.0,5.0,0.8792427062514703,77.7062,28.2938,0.4895,0.0201,0.0099,17902,99.1,0.3105802035969039,1.0477819414205711,,,,,,,,,,
DemandAwareClassPF,nominal_hetero,2,19.914912,14.914454399999999,5.0004576,8.999212,5.9152424,1.7413224,1.2113133333333332,1.424502598765432,0.007724999915808439,0.0,0.0,0.0,0.0,0.016852019972764413,0.020640381053188675,1.0,3.0,8.0,0.8756772161043542,76.7573,29.2427,0.6445,0.0257,0.0149,17624,99.1,0.31794141576979634,1.063216896631802,,,,,,,,,,
DemandAwareClassPF,load_surge,2,22.265356,17.464188,4.801168,10.7469392,6.7172488,1.7149472,1.446961212121212,1.646620140291807,0.000750000006519258,0.0,0.0,0.0,0.009292488771212026,0.0023951396191143827,0.0036066362106275548,1.0,3.0,5.0,0.8266304005550995,79.608,26.392,0.1936,0.0109,0.0036,17118,98.0,0.29463130073670024,1.0808444042150915,,,,,,,,,,
DemandAwareClassPF,edge_fade,2,18.2976168,13.4309504,4.8666664,8.9938296,4.4371208,1.0621871999999999,0.9835066666666665,1.2107426172839506,0.060724999755620956,0.0009169188560917974,0.04271666666666667,0.04271666666666667,0.039904098850912596,0.08369533738777875,0.0984109283523836,2.0,12.0,25.360000000000582,0.8320221010468657,64.4631,41.5369,3.4058,0.1116,0.0854,17265,101.2,0.41959642629470156,1.5322316907886186,,,,,,,,,,
DemandAwareClassPF,bursty_urllc,2,22.2319376,14.2997712,7.9321664,8.998347200000001,5.301424,1.577656,1.211660909090909,1.3404207934904602,0.13557499647140503,0.000499113230034709,0.015433333333333334,0.015433333333333334,0.0033148587605431466,0.20818771842236644,0.22288337300238015,2.0,42.0,58.0,0.9374738840475071,56.7466,49.2534,5.9193,0.181,0.1503,28042,104.4,0.4773006080029845,1.5312157467658285,,,,,,,,,,
DemandAwareClassPF,mixed_dynamic,2,20.376874400000002,13.836371999999999,6.5405024,9.1425864,4.6937856,1.1551824,1.0696133333333333,1.2563433361391694,0.172325000166893,0.0,0.0,0.0,0.07702045824689412,0.2606424315689491,0.272642040127508,2.0,73.0,104.0,0.8853578816758918,52.7574,53.2426,8.234,0.2469,0.2108,23162,105.2,0.5101371871658091,1.7696314695557507,,,,,,,,,,
DemandAwareClassPF,hotspot_unseen,2,19.7897592,13.827410400000002,5.9623488,8.619151200000001,5.208259199999999,1.1556511999999999,1.0700474074074071,1.2873371941638607,0.1392499953508377,0.0,0.0,0.0,0.10038483853091017,0.1859534031161063,0.24167210973220118,2.0,42.0,75.0,0.8747684117582919,60.6945,45.3055,6.3707,0.1904,0.1646,20731,103.2,0.44558785404802786,1.5679046973963073,,,,,,,,,,
DemandAwareClassPF,tight_sla,2,19.832268799999998,14.920759199999999,4.9115096000000005,9.0030872,5.917672,1.7265888,1.2131118181818183,1.4242313771043775,0.003074999898672104,4.3558437027968466e-05,0.0012499999999999998,0.0012499999999999998,0.0,0.010624856420859178,0.01350438892640108,1.0,3.0,5.0,0.872158020494696,78.1875,27.8125,0.3016,0.0136,0.0064,17412,98.35,0.3074241243822314,1.062974919672359,,,,,,,,,,
DemandAwareClassPF,nominal_hetero,3,19.812151999999998,14.90324,4.908912,8.999144000000001,5.904096,1.7056343999999999,1.2119454545454547,1.4217386683501683,0.00019999999494757503,0.0,0.0,0.0,0.0,0.0008595495960116899,0.0017271157167530224,1.0,3.0,4.0,0.8725951818613322,78.8396,27.1604,0.1244,0.0095,0.0022,17451,98.3,0.3008125620962797,1.0551608319807204,,,,,,,,,,
DemandAwareClassPF,load_surge,3,22.669128,17.8576752,4.8114528,10.744095999999999,7.113579199999999,2.1432127999999997,1.4463760606060605,1.7081188310886644,0.0006000000284984708,0.0,0.0,0.0,0.0,0.001924310455420141,0.002987303958177745,1.0,3.0,4.0,0.835649451974323,81.5745,24.4255,0.0961,0.0048,0.002,17149,97.8,0.27824105930242665,1.0268249422847924,,,,,,,,,,
DemandAwareClassPF,edge_fade,3,18.089696,13.143443999999999,4.946251999999999,8.7967216,4.3467224,1.1113088,1.0121060000000002,1.1860264741863076,0.09875000268220901,0.0,0.0,0.0,0.04195394301128514,0.14513547502000687,0.16500404421677,2.0,15.0,35.0,0.8392245857352513,57.9191,48.0809,5.906,0.1884,0.1496,17494,103.2,0.47248619200862524,1.6334593946272187,,,,,,,,,,
DemandAwareClassPF,bursty_urllc,3,22.0498256,13.971179200000002,8.0786464,8.8617488,5.1094304,1.4055288,1.2133906060606061,1.3006788108866443,0.17464999854564667,0.0,0.0,0.0,0.02154871290823804,0.2927153708824868,0.29945370902817714,2.0,26.0,53.0,0.9347135016516891,51.8187,54.1813,8.6349,0.2613,0.2182,28567,106.6,0.5176211377944548,1.606040364777268,,,,,,,,,,
DemandAwareClassPF,mixed_dynamic,3,21.523050400000002,15.0123816,6.5106687999999995,9.8913832,5.1209984,1.3492456000000002,1.2493014814814816,1.3685099388327722,0.10997500270605087,0.0,0.0,0.0,0.041195175615551916,0.1678989925195659,0.17907703621989338,2.0,34.0,51.0,0.8768547096983089,59.3256,46.6744,5.6053,0.1744,0.1418,23127,103.7,0.4577911151923287,1.5449493842554867,,,,,,,,,,
DemandAwareClassPF,hotspot_unseen,3,19.812496000000003,13.771376,6.041119999999999,8.4611504,5.3102256,1.5965912,1.0476018518518517,1.3031377216610551,0.19249999523162842,0.0004069649730809033,0.0187,0.0187,0.09453229991216891,0.26258787763632907,0.3353198251887167,2.0,103.0,132.0,0.8922827842781507,54.4854,51.5146,8.6554,0.2521,0.2268,21052,104.7,0.4948856514246483,1.65978519515919,,,,,,,,,,
DemandAwareClassPF,tight_sla,3,19.9119472,14.981707199999999,4.9302399999999995,8.996232,5.9854752,1.7881032000000001,1.212090303030303,1.4341040751964087,0.007575000170618296,0.0,0.0,0.0,0.0,0.02470260117251978,0.029957522915269395,1.0,3.0,7.0,0.8751210666604203,77.151,28.849,0.7096,0.0255,0.0161,17569,99.1,0.31538860484284026,1.0574844014531908,,,,,,,,,,
DemandAwareClassPF,nominal_hetero,4,19.9091344,14.925620799999999,4.9835136,8.9979424,5.9276784,1.7303039999999998,1.211540606060606,1.4253773294051628,0.0006750000175088644,0.0,0.0,0.0,0.0,0.0013610071452875127,0.002129925452609159,1.0,3.0,4.0,0.8754934084065977,80.3244,25.6756,0.0881,0.0051,0.0018,17634,98.95,0.2873617483733212,1.0605734200920918,,,,,,,,,,
DemandAwareClassPF,load_surge,4,22.6760968,17.737301600000002,4.9387952,10.737744800000002,6.9995568,1.9856264,1.4470466666666668,1.689314709876543,4.999999873689376e-05,0.0,0.0,0.0,0.0,0.0003431905279414288,0.000559753708368318,1.0,3.0,4.0,0.8380356627267385,82.4149,23.5851,0.0525,0.0041,0.0008,17483,97.1,0.27022045228461544,1.0462302660004694,,,,,,,,,,
DemandAwareClassPF,edge_fade,4,18.259559999999997,13.3286192,4.9309408,9.0020016,4.3266176,1.0499664,0.972191111111111,1.1970421661054995,0.09605000168085098,0.0009505302296020091,0.0388,0.0388,0.04401871811954123,0.14032580737353528,0.14871421639980592,2.0,18.0,54.0,0.8317763361927255,57.6861,48.3139,5.8349,0.1866,0.1483,17495,103.6,0.4749323769911047,1.6776036667294167,,,,,,,,,,
DemandAwareClassPF,bursty_urllc,4,22.601207199999997,14.693510400000001,7.9076968,9.0023544,5.691155999999999,1.5831576,1.2118484848484847,1.3905428462401794,0.04842500016093254,0.0,0.0,0.0,0.0035455717336569698,0.08462114993397338,0.0953604568165596,2.0,10.0,24.0,0.9431235696841822,63.7248,42.2752,2.6583,0.0882,0.0648,28019,103.8,0.4215437440004982,1.2211412006467748,,,,,,,,,,
DemandAwareClassPF,mixed_dynamic,4,22.1759512,15.8081368,6.3678144,10.3073344,5.5008023999999995,1.3819279999999998,1.2795629629629628,1.4428584595959595,0.10542500019073486,0.0,0.0,0.0,0.03446752581194564,0.1539689578713969,0.16171428571428573,2.0,31.0,48.0,0.8642896215856697,59.3444,46.6556,4.9713,0.1565,0.1247,22550,104.3,0.45785253814754595,1.4778429019365664,,,,,,,,,,
DemandAwareClassPF,hotspot_unseen,4,20.071779199999998,14.1203232,5.951456,8.544164,5.5761592,1.6383648000000002,1.0839459259259259,1.3400325112233447,0.17237499356269836,0.00018779085075948387,0.0198,0.0198,0.0931469102374069,0.238972347143814,0.2915800415800416,2.0,41.0,60.0,0.8898735489248011,55.6081,50.3919,8.1257,0.2411,0.2109,20902,105.0,0.4861514164786876,1.5707063976871174,,,,,,,,,,
DemandAwareClassPF,tight_sla,4,19.856373599999998,14.928732,4.9276416,9.007416,5.921316,1.7264896,1.2135857575757574,1.4250071324354658,0.007499999832361937,0.0,0.0,0.0,0.0,0.029020417526955725,0.03625906476619155,1.0,4.0,7.0,0.8726311568763744,73.4233,32.5767,0.8185,0.0367,0.0175,17436,98.7,0.34782472433867945,1.0758738481863028,,,,,,,,,,
ReferenceResidual-Unconstrained-PPO,nominal_hetero,0,19.7370992,14.784568,4.952531199999999,8.9916056,5.7929624,1.6010952,1.2120990909090907,1.4043640707070706,0.0038250000216066837,1.8281965822097845e-05,0.00125,0.00125,0.0,0.008596151656609359,0.01079734219269103,1.0,2.0,5.0,0.8717201853179171,78.6039,27.3961,0.3768,0.0144,0.0088,17566,1292.6,0.2659299383690034,0.7556956241236912,0.26185102964959567,1.141350892677611,0.004078908719407715,-0.3856552685539197,0.24359656883060102,0.006282903088799252,0.17920074118114332,0.0,0.0,0.0
ReferenceResidual-Unconstrained-PPO,load_surge,0,22.886020000000002,17.8632808,5.0227392,10.743883199999999,7.1193976,2.1477904,1.446850606060606,1.7098937429854093,0.009600000455975533,0.0,0.0,0.0,0.0,0.013368533393248328,0.018943436499466382,1.0,3.0,8.0,0.8438206250249662,77.0345,28.9655,0.5604,0.02,0.0137,17803,1781.3,0.2795609228664933,0.8560848260041963,0.2802178112720691,1.1234835408002872,-0.0006568884055757418,-0.2673987147960907,0.2504734310905207,0.007607106098241838,0.19460080572562155,0.0,0.0,0.0
ReferenceResidual-Unconstrained-PPO,edge_fade,0,16.5338888,11.642071199999998,4.8918176,7.796495999999999,3.8455752,0.9824232,0.9096511111111111,1.0498477093153757,0.24627499282360077,0.005723743233829737,0.11665,0.11665,0.09877477704255598,0.2939816153090131,0.3110567780494431,2.0,37.0,54.0,0.8580095638285286,48.1691,57.8309,11.7256,0.348,0.306,17297,1813.0,0.5282822478397451,2.2779146414117264,0.5268130769385541,2.458591453456524,0.001469170901191071,-0.18067681204479785,0.3294236651293503,0.006228162162993644,0.2815980968344697,0.0,0.0,0.0
ReferenceResidual-Unconstrained-PPO,bursty_urllc,0,22.5154144,14.541136,7.974278399999999,8.994148,5.546988000000001,1.5013576,1.211430909090909,1.3686709539842872,0.11755000054836273,0.00010018153261626139,0.0034666666666666665,0.0034666666666666665,0.0012037128811661685,0.1855072463768116,0.1909764077837093,1.0,30.0,57.0,0.9411188582901051,57.2197,48.7803,5.6654,0.1749,0.1429,28290,1812.25,0.4558900114989771,1.3664795894481603,0.4535521404583348,1.5628717090901636,0.0023378710406423463,-0.19639211964200376,0.3086327515666559,0.007711979222038285,0.291739285621301,0.0,0.0,0.0
ReferenceResidual-Unconstrained-PPO,mixed_dynamic,0,20.7025008,14.267198400000002,6.435302399999999,9.5559232,4.7112752,1.1438904,1.0591577777777779,1.2885067306397306,0.14675000309944153,0.00032757772714830935,0.011016666666666668,0.011016666666666668,0.07052826809668043,0.23350098403673736,0.24154025670945156,2.0,39.0,69.0,0.8734789501057844,52.9034,53.0966,7.3463,0.2296,0.1844,22865,1801.9,0.49331851061924026,1.6337845858795892,0.4901329698385667,1.8514254545920645,0.0031855407806736084,-0.2176408687124753,0.32243422016221274,0.007050006610324637,0.2958457122487171,0.0,0.0,0.0
ReferenceResidual-Unconstrained-PPO,hotspot_unseen,0,20.237919199999997,14.356815200000002,5.881104,8.725516800000001,5.6312984,1.6169008000000002,1.183555185185185,1.3616377525252525,0.1366250067949295,0.0,0.0,0.0,0.07954048532230798,0.17669392523364486,0.21250342747463669,1.0,66.0,83.0,0.8911610163962075,63.124,42.876,6.0372,0.1741,0.1589,20544,1830.7,0.3992419864907408,1.3467475993238014,0.39839788896329664,1.6103966067663729,0.0008440975274442215,-0.2636490074425713,0.3066330805144587,0.00725848914804183,0.2640903984453311,0.0,0.0,0.0
ReferenceResidual-Unconstrained-PPO,tight_sla,0,19.5840592,14.773700799999999,4.8103584,8.9999024,5.7737984,1.5733064,1.211972121212121,1.4016455140291806,0.0026000000070780516,0.0,0.0,0.0,0.0,0.010536790961774864,0.014827846192510681,1.0,2.0,5.0,0.8649693065816189,79.1634,26.8366,0.3206,0.0119,0.0071,17083,1766.75,0.26015715872835643,0.7622698606857679,0.2568367005512092,1.118106683179387,0.003320458177147313,-0.3558368224936193,0.24176178930315406,0.006261105959023637,0.18575908219623527,0.0,0.0,0.0
ReferenceResidual-Unconstrained-PPO,nominal_hetero,1,19.633443999999997,14.7060296,4.9274144,8.9974648,5.7085648,1.5709504,1.212212727272727,1.3938514051627384,0.005249999929219484,0.0001939384819706902,0.0030166666666666666,0.0030166666666666666,0.0,0.012905075996558647,0.015986769570011026,1.0,3.0,7.0,0.8692313903234615,75.3306,30.6694,0.6985,0.0274,0.0151,17435,2223.75,0.2957230279196279,1.0296085116150067,0.3007335678258885,1.2292290677409807,-0.005010539906260603,-0.19962055612597424,0.26007011221372667,0.014597681464552157,0.09540478462801028,0.0,0.0,0.0
ReferenceResidual-Unconstrained-PPO,load_surge,1,22.251692799999997,17.3641984,4.8874944,10.7456624,6.618536000000001,1.7798488,1.4472581818181818,1.6338284438832773,0.0042500002309679985,0.0,0.0,0.0,0.0051913602640170885,0.010201729106628242,0.013104598522754349,1.0,3.0,7.0,0.8296468625800957,74.306,31.694,0.4532,0.0197,0.0098,17350,2203.1,0.30689642223962,0.9264727839157034,0.312662097514884,1.145262193822534,-0.005765675275264038,-0.21878940990683055,0.2642134790965137,0.016385034702034226,0.09108704175354763,0.0,0.0,0.0
ReferenceResidual-Unconstrained-PPO,edge_fade,1,17.8524024,12.8940616,4.9583408,8.7531336,4.140928000000001,0.9262416,0.857631111111111,1.1537456094276095,0.09182500094175339,0.005171707831323147,0.074,0.074,0.047719788613835516,0.12829284981183717,0.14516908212560387,2.0,15.0,27.0,0.8348107474872974,60.5662,45.4338,5.5081,0.1748,0.1392,17538,2215.0,0.42454011032271993,1.8475760946699826,0.4351158293802272,1.964014445941338,-0.010575719057507234,-0.11643835127135493,0.31064542042335497,0.018627507450530625,0.11257679139345406,0.0,0.0,0.0
ReferenceResidual-Unconstrained-PPO,bursty_urllc,1,22.899466399999998,14.912029599999999,7.9874368,9.0019072,5.9101224,1.730284,1.2124075757575756,1.4235438613916946,0.04297500103712082,0.0,0.0,0.0,0.0,0.08520400960045178,0.09603042548134062,1.0,9.0,28.0,0.949956200313237,63.7299,42.2701,2.5943,0.0887,0.0611,28332,2206.95,0.3981416368373299,1.0600825983281073,0.41193236463070443,1.2749381901203907,-0.013790727793374572,-0.21485559179228322,0.27897846370355056,0.01837397565149161,0.10113147737531492,0.0,0.0,0.0
ReferenceResidual-Unconstrained-PPO,mixed_dynamic,1,20.845058399999996,14.3798512,6.4652072,9.6029336,4.7769176,1.1101176000000001,1.0278866666666668,1.2978774567901235,0.14767499268054962,0.0,0.0,0.0,0.06573953573513847,0.21292095620310592,0.22256149279050041,2.0,66.0,79.0,0.87203944348095,58.2144,47.7856,6.5494,0.195,0.1704,22924,2209.45,0.44455763344053423,1.8158395003416121,0.45350483522935053,1.9783657237344072,-0.008947201788816358,-0.1625262233927947,0.3079065167779544,0.01507136403541655,0.10442587989935904,0.0,0.0,0.0
ReferenceResidual-Unconstrained-PPO,hotspot_unseen,1,20.4772592,14.341809600000001,6.135449600000001,8.571601600000001,5.770208000000001,1.6907664,1.097887037037037,1.369906529741863,0.10782500356435776,0.0,0.0,0.0,0.08311007569716715,0.15687561535936986,0.19741390346946613,2.0,37.0,79.0,0.8973613542295648,60.2928,45.7072,5.6253,0.1719,0.1412,21329,1720.75,0.42394444042536344,1.2664461772803814,0.444100514604379,1.4821705127296398,-0.020156074179015625,-0.21572433544925843,0.2903542709455089,0.022392580747343772,0.10369978875474285,0.0,0.0,0.0
ReferenceResidual-Unconstrained-PPO,tight_sla,1,20.0329512,14.9794248,5.053526400000001,8.9977528,5.981672,1.791928,1.2114351515151516,1.4338582598204266,0.005375000182539225,9.361660886497702e-06,0.0003,0.0003,0.0,0.019104010725058653,0.023820124666073018,1.0,3.0,6.0,0.8792444128942565,77.7151,28.2849,0.582,0.0228,0.012,17902,1225.0,0.27293727439260035,0.8855230690559487,0.2831800538551579,1.1034933093255275,-0.010242779462557541,-0.21797024026957884,0.24019595667826144,0.013647975982900686,0.08262185974850574,0.0,0.0,0.0
ReferenceResidual-Unconstrained-PPO,nominal_hetero,2,19.9155712,14.915149600000001,5.0004216,8.999212,5.9159375999999995,1.7416823999999997,1.2113133333333332,1.424596950617284,0.008925000205636024,0.0,0.0,0.0,0.0,0.019406457470351246,0.02312925170068027,2.0,4.0,9.0,0.875684043131861,76.8776,29.1224,0.7334,0.0284,0.0174,17623,1544.3,0.2804247125263123,1.2310866917157917,0.306080962520889,1.1410883554174691,-0.02565624999457672,0.08999833629832248,0.2452083722923668,0.02047166689294956,0.2265332109762844,0.0,0.0,0.0
ReferenceResidual-Unconstrained-PPO,load_surge,2,22.2678984,17.4667776,4.8011208,10.7469392,6.7198384,1.7174544,1.446961212121212,1.6470184983164984,0.0012250000145286322,0.0,0.0,0.0,0.009204766617499985,0.0037976162654825892,0.00481000481000481,2.0,3.0,5.0,0.8266967658273853,79.6756,26.3244,0.2603,0.0135,0.005,17116,1545.7,0.2557080242484592,1.2670356803914,0.2760107285206478,1.1758685869216,-0.020302704272188554,0.0911670934698005,0.2273900895209043,0.019977316044554418,0.20738644981317964,0.0,0.0,0.0
ReferenceResidual-Unconstrained-PPO,edge_fade,2,18.3136912,13.447012,4.8666792,8.9938296,4.4531824,1.0727664000000001,0.9933022222222223,1.2132817098765434,0.06480000168085098,0.0005263560451567173,0.03456666666666667,0.03456666666666667,0.03878045614109853,0.08925571966406023,0.10538054084192919,2.0,12.0,27.0,0.8329143854700602,64.6292,41.3708,3.6545,0.1188,0.0915,17265,1550.6,0.389595888635893,1.9825190922222744,0.4134683405382495,1.8459712235877626,-0.023872451902356494,0.13654786863451196,0.2984537317742222,0.020264276312729777,0.3345662991990882,0.0,0.0,0.0
ReferenceResidual-Unconstrained-PPO,bursty_urllc,2,22.235532,14.303365600000001,7.9321664,8.998347200000001,5.3050184,1.5777936000000001,1.211660909090909,1.3408603984287317,0.13905000686645508,0.0003806531603913754,0.013833333333333335,0.013833333333333335,0.0031264938966504546,0.21410741031310176,0.2310438626317579,2.0,43.0,59.0,0.9375303746641707,56.872,49.128,6.1719,0.1884,0.1562,28042,1552.8,0.4559073336791962,1.7093890200493618,0.4821551056760189,1.6761779105132082,-0.02624777199682262,0.03321110953615379,0.29700067184400925,0.021822997666256175,0.41777583093310944,0.0,0.0,0.0
ReferenceResidual-Unconstrained-PPO,mixed_dynamic,2,20.324058400000002,13.784365600000001,6.539692799999999,9.0852792,4.6990864,1.1649927999999998,1.0786970370370368,1.2535074124579124,0.1822499930858612,0.0,0.0,0.0,0.07793360003794562,0.2765112262521589,0.28788447111777943,2.0,76.0,108.0,0.887591769339871,52.9629,53.0371,8.6995,0.2597,0.2228,23160,1552.95,0.48804054507133526,2.102857855975005,0.5161309955133213,2.036786180539432,-0.028090450441985996,0.06607167543557257,0.3024709883569398,0.02239269793910922,0.47954397819702727,0.0,0.0,0.0
ReferenceResidual-Unconstrained-PPO,hotspot_unseen,2,19.7978272,13.8356544,5.962172799999999,8.6251464,5.210507999999999,1.1609816,1.0749829629629628,1.288194379349046,0.14229999482631683,0.0,0.0,0.0,0.09995365815048421,0.1904968644476604,0.24614580611444997,2.0,43.0,76.0,0.8749120734116396,60.7668,45.2332,6.5323,0.1936,0.168,20730,1545.9,0.4196926491885714,1.7516840866513355,0.43760111874987123,1.7357404799885847,-0.017908469561299784,0.015943606662750767,0.3070421455812752,0.020176904772455793,0.42150497030162054,0.0,0.0,0.0
ReferenceResidual-Unconstrained-PPO,tight_sla,2,19.8345832,14.922849600000001,4.9117336,9.002788,5.9200615999999995,1.7289999999999999,1.2131118181818183,1.4245785437710436,0.004174999892711639,3.559661126928404e-05,0.0012333333333333332,0.0012333333333333332,0.0,0.013380807442715213,0.016430339860454647,2.0,3.0,5.0,0.8722244112973712,78.2786,27.7214,0.3773,0.016,0.008,17413,1549.8,0.2679471968578693,1.2075455504652064,0.29131816362100393,1.1346447643716595,-0.02337096676313468,0.07290078609354693,0.23770266028300943,0.020952931386802945,0.2258521792599232,0.0,0.0,0.0
ReferenceResidual-Unconstrained-PPO,nominal_hetero,3,19.8144032,14.9054912,4.908912,8.9991328,5.9063584,1.7079472,1.2119454545454547,1.4220877177328843,0.00019999999494757503,0.0,0.0,0.0,0.0,0.0008595495960116899,0.0019738465334320256,1.0,2.0,4.0,0.8726454605330657,78.776,27.224,0.1123,0.0075,0.0021,17451,1563.3,0.2652925001175761,1.1886366360193183,0.2651673285479902,1.127180310169351,0.0001251715695860108,0.06145632584996754,0.24413088560243118,0.011447789399365953,0.13465117386797698,0.0,0.0,0.0
ReferenceResidual-Unconstrained-PPO,load_surge,3,22.668454399999998,17.8570016,4.8114528,10.744095999999999,7.1129055999999995,2.1431856,1.4463760606060605,1.7080248557800222,0.0006500000017695129,0.0,0.0,0.0,0.0,0.0021575602075922795,0.0037341299477221808,1.0,2.0,4.0,0.835642571693957,81.5256,24.4744,0.0979,0.0045,0.0021,17149,1537.75,0.2404460179917191,1.15126265340268,0.2425755176374077,1.0638601676271742,-0.00212949964568859,0.0874024857755056,0.22420138822333227,0.013767948116927496,0.13184774720858788,0.0,0.0,0.0
ReferenceResidual-Unconstrained-PPO,edge_fade,3,18.088041600000004,13.1418192,4.9462224,8.7828128,4.3590064,1.1183584,1.0200513333333334,1.1869747699214368,0.10347499698400497,0.0,0.0,0.0,0.04112282968868291,0.14947982165313822,0.16689134537611217,1.0,16.0,37.0,0.8403720381989337,58.008,47.992,6.0202,0.1887,0.153,17494,1560.5,0.4486546936928125,1.9693653750441038,0.44860847288051325,1.8966493809297935,4.6220812299322134e-05,0.07271599411431016,0.32252215977861376,0.017117885130883623,0.1385178150697452,0.0,0.0,0.0
ReferenceResidual-Unconstrained-PPO,bursty_urllc,3,22.0602128,13.9815976,8.0786152,8.8657368,5.1158608,1.4050912,1.2133906060606061,1.3018061997755332,0.20434999465942383,0.0,0.0,0.0,0.021143339502445915,0.32441799404866095,0.3259290304554345,2.0,30.0,64.0,0.9347860401385468,51.8155,54.1845,9.3618,0.2762,0.24,28565,1569.85,0.4983604168882821,1.8365999840266523,0.5066852153493488,1.734101367489852,-0.008324798461066752,0.10249861653680002,0.30835468469137317,0.01938239136037858,0.1492829204844898,0.0,0.0,0.0
ReferenceResidual-Unconstrained-PPO,mixed_dynamic,3,21.501365599999996,14.990712799999999,6.510652800000001,9.8660296,5.1246832,1.3550392,1.2546659259259259,1.367435906285073,0.11505000293254852,0.0,0.0,0.0,0.04073111478327053,0.173268182997492,0.18536226553880103,1.0,40.0,58.0,0.8778238845317832,59.3566,46.6434,5.7842,0.1764,0.1477,23126,1554.1,0.43667565770976746,1.8478042909805172,0.43928661425876153,1.7389215156563311,-0.002610956548994009,0.10888277532418623,0.3083523136291187,0.01952417324817213,0.14759418559901016,0.0,0.0,0.0
ReferenceResidual-Unconstrained-PPO,hotspot_unseen,3,19.854091200000003,13.812990399999999,6.041100800000001,8.4842456,5.3287448,1.6042648,1.058294074074074,1.3074498451178451,0.2120250016450882,0.0001891571591841057,0.015,0.015,0.09290127157571565,0.2812692983706237,0.3545225797907562,2.0,128.0,156.0,0.8925811653342615,54.8216,51.1784,9.1741,0.2631,0.2426,21051,1559.9,0.46913777887040586,1.8724199866272895,0.4833943116559729,1.7767195484525808,-0.014256532785566932,0.09570043817470891,0.30347139210627133,0.023770044412651428,0.14810219018085663,0.0,0.0,0.0
ReferenceResidual-Unconstrained-PPO,tight_sla,3,19.9132576,14.983017599999998,4.9302399999999995,8.996232,5.9867856,1.7894192,1.212090303030303,1.4343063838383838,0.008124999701976776,0.0,0.0,0.0,0.0,0.02532870396721498,0.031746031746031744,1.0,3.0,7.0,0.8751457445344788,77.0755,28.9245,0.7398,0.0261,0.0169,17569,1539.1,0.2804631477532758,1.1885901468423945,0.2803167419285014,1.1258326100814027,0.00014640582477441956,0.06275753676099156,0.25426311707858534,0.01279027618694123,0.1339634041183777,0.0,0.0,0.0
ReferenceResidual-Unconstrained-PPO,nominal_hetero,4,19.9107128,14.927199199999999,4.9835136,8.9979424,5.9292568,1.7318824,1.211540606060606,1.4256209096520764,0.0006249999860301614,0.0,0.0,0.0,0.0,0.0013610071452875127,0.002129925452609159,2.0,3.0,3.0,0.8755265543883065,80.368,25.632,0.0848,0.0047,0.0018,17634,1424.55,0.25019369531555696,1.095583120849774,0.2671186075373848,1.1457437319764798,-0.01692491222182786,-0.05016061112670592,0.21981947780595454,0.012749473659299859,0.08141322836946487,0.0,0.0,0.0
ReferenceResidual-Unconstrained-PPO,load_surge,4,22.6790096,17.739924799999997,4.9390848,10.737962399999999,7.0019624,1.9876728,1.4470942424242423,1.6896902811447811,4.999999873689376e-05,0.0,0.0,0.0,0.0,0.00034317089910775565,0.000559753708368318,2.0,3.0,4.0,0.838083021854911,82.4755,23.5245,0.0468,0.0041,0.0007,17484,1432.15,0.23036348049880426,1.0732345568061092,0.24782680995855436,1.1102583179379109,-0.017463329459750068,-0.03702376113180135,0.2036163074754971,0.012741214479982733,0.08476455379334477,0.0,0.0,0.0
ReferenceResidual-Unconstrained-PPO,edge_fade,4,18.269402399999997,13.338539199999998,4.9308632,9.0020016,4.336537600000001,1.055188,0.9770259259259259,1.19854528338945,0.09594999998807907,0.0008079702383838594,0.0383,0.0383,0.043758117675729805,0.13908420511061567,0.14870093974571585,2.0,18.0,54.0,0.832261159697073,57.7067,48.2933,5.8003,0.1839,0.1479,17493,1476.95,0.45049646664633836,1.9444860446728567,0.4587811768813948,1.9622189161743917,-0.008284710235056413,-0.017732871501534884,0.3258590126644423,0.013021689753612476,0.09900883911319125,0.0,0.0,0.0
ReferenceResidual-Unconstrained-PPO,bursty_urllc,4,22.602564,14.694836800000001,7.907727199999999,9.0023544,5.692482399999999,1.5855096,1.2118484848484847,1.3907633647586983,0.047449998557567596,0.0,0.0,0.0,0.0034434574796805206,0.08344039971448965,0.0940756602426838,2.0,10.0,25.0,0.9431729674408007,63.6724,42.3276,2.6216,0.0854,0.0639,28020,1318.8000000000002,0.3996504356246011,1.3412629123943818,0.4131910623291468,1.3504264442614313,-0.013540626704545753,-0.00916353186704965,0.2866424700875961,0.011864738939109495,0.10311329002009084,0.0,0.0,0.0
ReferenceResidual-Unconstrained-PPO,mixed_dynamic,4,22.1725376,15.804723200000002,6.3678144,10.3001816,5.5045416000000005,1.3832952,1.2808288888888888,1.4428488686868688,0.10557500272989273,0.0,0.0,0.0,0.034773579140601446,0.15374722838137472,0.16152380952380951,2.0,32.0,48.0,0.8645332136678808,59.327,46.673,4.9464,0.154,0.1245,22550,1496.8,0.43662894875780955,1.6834741857472415,0.4464890206465906,1.7054947208891855,-0.009860071888780976,-0.02202053514194421,0.3077912219456091,0.012694742312119037,0.08367000264621677,0.0,0.0,0.0
ReferenceResidual-Unconstrained-PPO,hotspot_unseen,4,20.081663199999998,14.1302312,5.951432,8.554276000000002,5.5759552,1.6369855999999998,1.0886274074074074,1.3407631408529743,0.1738000065088272,0.0001199264734168537,0.014133333333333335,0.014133333333333335,0.09274262487601558,0.23974929429213912,0.2917099792099792,2.0,42.0,60.0,0.8898272649104353,55.659,50.341,8.1694,0.2413,0.2119,20901,1446.25,0.46518470981985693,1.734452813318399,0.47658035721898495,1.7386387623314914,-0.011395647399128066,-0.004185949013092099,0.3145967955435247,0.013023581736100975,0.09779366488487014,0.0,0.0,0.0
ReferenceResidual-Unconstrained-PPO,tight_sla,4,19.8575296,14.9299392,4.927590400000001,9.007416,5.9225232000000005,1.72726,1.2135857575757574,1.4251849657687992,0.0077749998308718204,0.0,0.0,0.0,0.0,0.028563234872383138,0.03526763381690846,2.0,4.0,7.0,0.8726495662294468,73.4592,32.5408,0.8118,0.0358,0.0175,17435,1402.95,0.3129187172550689,1.1216518784095963,0.3287345825736467,1.1666634709566122,-0.015815865318577788,-0.045011592547015804,0.2748252968188822,0.01327338497247826,0.08479470142344415,0.0,0.0,0.0
ReferenceResidual-FixedPenalty-PPO,nominal_hetero,0,19.7432056,14.7906744,4.952531199999999,8.9922064,5.798468000000001,1.6066255999999999,1.2120990909090907,1.4052561139169473,0.003874999936670065,6.952412604732672e-06,0.0008333333333333332,0.0008333333333333332,0.0,0.008539223499943072,0.010520487264673311,1.0,2.0,5.0,0.871845265926917,78.59,27.41,0.3772,0.0144,0.0088,17566,1806.45,0.2821249935271121,1.419666994948321,0.260581170201961,1.1310171924506025,0.021543823325151142,0.28864980249771854,0.24394474169807995,0.015990420125976373,0.10086327360338865,5.0,4.0,3.0
ReferenceResidual-FixedPenalty-PPO,load_surge,0,22.886534400000002,17.8637952,5.0227392,10.7438664,7.1199288,2.1477904,1.446850606060606,1.7099540578002241,0.00937500037252903,0.0,0.0,0.0,0.0,0.013368533393248328,0.018943436499466382,1.0,2.0,8.0,0.8438228574506521,76.9952,29.0048,0.562,0.02,0.0137,17803,1780.1,0.2961388975707988,1.4937458367989316,0.2762712213847149,1.117823964873947,0.019867676186083975,0.3759218719249844,0.2526832666624068,0.02075325541666233,0.12042615156897842,5.0,4.0,3.0
ReferenceResidual-FixedPenalty-PPO,edge_fade,0,16.483852799999998,11.592038399999998,4.8918144,7.7527608,3.8392776,0.9847656,0.91182,1.046234563973064,0.24672499299049377,0.005699321161955595,0.11985,0.11985,0.10000094496921512,0.2939238018153437,0.3110567780494431,2.0,37.0,54.0,0.8597790450985175,48.1593,57.8407,11.7326,0.3486,0.3061,17297,1719.15,0.5394815752745353,2.7107740804153635,0.5268028717172364,2.4495540184266362,0.012678703557298856,0.26122006198872705,0.3206563300292001,0.021008765836826603,0.15012150470245084,5.0,4.0,3.0
ReferenceResidual-FixedPenalty-PPO,bursty_urllc,0,22.5166464,14.542333600000003,7.9743128,8.9941776,5.5481560000000005,1.5037584000000002,1.211430909090909,1.3688731885521885,0.11749999970197678,6.6093954956159e-05,0.0023166666666666665,0.0023166666666666665,0.0011119098792637288,0.18579003181336162,0.19114861374203548,1.0,30.0,57.0,0.9411702214061997,57.2219,48.7781,5.732,0.1775,0.1444,28290,1725.75,0.46775831627275477,1.8741929209565154,0.45423696930133795,1.5567557220868937,0.013521346971416815,0.3174371988696218,0.30206798974597654,0.023484896447306086,0.13697734405943546,5.0,4.0,3.0
ReferenceResidual-FixedPenalty-PPO,mixed_dynamic,0,20.672071999999996,14.2367696,6.435302399999999,9.5243016,4.712467999999999,1.148744,1.0636518518518518,1.286675162177329,0.14742499589920044,0.00023281278845388442,0.009833333333333333,0.009833333333333333,0.07107224834196192,0.23433194839274,0.2427071178529755,2.0,39.0,68.0,0.874624079728231,52.9169,53.0831,7.3614,0.2309,0.1849,22865,1842.75,0.5005157949733632,2.1529520997804332,0.49153309667937467,1.8382936133737116,0.008982698293988506,0.31465848640672167,0.3167937207465896,0.01939410074885357,0.1602501487389246,5.0,4.0,3.0
ReferenceResidual-FixedPenalty-PPO,hotspot_unseen,0,20.2437936,14.362689600000001,5.881104,8.7295768,5.6331128,1.6185696,1.185564074074074,1.3622309315375982,0.1366250067949295,0.0,0.0,0.0,0.07927344401065649,0.17718068535825546,0.21277762544557172,1.0,65.0,82.0,0.8911650973683926,63.1168,42.8832,6.0377,0.1738,0.1589,20544,1773.9,0.41262612054985803,1.8630892186685986,0.39711353259808874,1.6011877746191068,0.015512587951769331,0.26190144404949195,0.3016097722455187,0.019704954500875952,0.15268194532126622,5.0,4.0,3.0
ReferenceResidual-FixedPenalty-PPO,tight_sla,0,19.5878952,14.7775368,4.8103584,8.999872,5.7776648,1.5772048,1.211972121212121,1.4022403288439955,0.002575000049546361,0.0,0.0,0.0,0.0,0.010770941872036527,0.0155818044734858,1.0,2.0,5.0,0.8650743911479319,79.1512,26.8488,0.3296,0.0121,0.0072,17083,2011.75,0.27897933484948423,1.4108978465452375,0.25535374320544735,1.1095920713301743,0.023625591644036898,0.3013057752150633,0.24259527872572573,0.018188650474678075,0.10588990221834467,5.0,4.0,3.0
ReferenceResidual-FixedPenalty-PPO,nominal_hetero,1,19.6350096,14.7075952,4.9274144,8.9974648,5.710130400000001,1.571804,1.212212727272727,1.3940655409652074,0.004224999807775021,0.00018599916074890643,0.002983333333333333,0.002983333333333333,0.0,0.010151993117292802,0.01350606394707828,1.0,3.0,7.0,0.8692577999070668,75.2234,30.7766,0.6036,0.0246,0.0126,17435,1663.65,0.31057337145315916,1.391512139551963,0.2915815567815626,1.2246712847887713,0.018991814671596472,0.16684085476319152,0.2688132145343134,0.014860876660978403,0.11270198258917805,5.0,4.0,3.0
ReferenceResidual-FixedPenalty-PPO,load_surge,1,22.249156799999998,17.3616624,4.8874944,10.7456624,6.616,1.7795391999999999,1.4472581818181818,1.6334714438832771,0.003700000001117587,0.0,0.0,0.0,0.00521003409553806,0.008645533141210375,0.012151536812008578,1.0,3.0,6.0,0.8296100337636302,74.1827,31.8173,0.3914,0.0172,0.008,17350,1634.1,0.3187479767153561,1.2726184934058247,0.3019022421032618,1.142491422533935,0.016845734612094296,0.13012707087188966,0.27427603739142403,0.014865642356323303,0.11511910345219596,5.0,4.0,3.0
ReferenceResidual-FixedPenalty-PPO,edge_fade,1,17.831064,12.8725464,4.9585176,8.7400632,4.132483199999999,0.9264896,0.8578607407407407,1.1518006414141413,0.0833749994635582,0.00506919389590621,0.07378333333333334,0.07378333333333334,0.04786238097665589,0.11814345991561181,0.13285024154589373,1.0,13.0,22.0,0.8351186704567279,60.3013,45.6987,5.1075,0.1624,0.1294,17538,1828.0,0.43708298018086805,2.0205547508404136,0.42385291451169843,1.9738682578731073,0.013230065669169585,0.04668649296730625,0.31966854526160143,0.014748558199159824,0.1681942114690279,5.0,4.0,3.0
ReferenceResidual-FixedPenalty-PPO,bursty_urllc,1,22.8977152,14.9102784,7.9874368,9.0019072,5.9083712,1.7282184,1.2124075757575756,1.4232568922558924,0.03584999963641167,0.0,0.0,0.0,0.0,0.07362699421149231,0.08271927739481816,1.0,8.0,26.0,0.9499089188312088,63.4489,42.5511,2.2528,0.0783,0.0528,28332,1859.9,0.4134299243283318,1.4036711237121084,0.39906635354460523,1.2848202881369784,0.01436357078372659,0.11885083557512988,0.2887741897984166,0.013128486279324463,0.145376828801364,5.0,4.0,3.0
ReferenceResidual-FixedPenalty-PPO,mixed_dynamic,1,20.7993184,14.3340368,6.465281599999999,9.5681416,4.7658952,1.108704,1.0265777777777776,1.2940260168350168,0.1440500020980835,0.0,0.0,0.0,0.06706851067907249,0.20902944383860414,0.2179813401187447,1.0,62.0,76.0,0.8727897644484496,57.9762,48.0238,6.3888,0.1899,0.1665,22925,2068.45,0.4591229427872289,2.0561387514604026,0.443220837993224,1.9871239324513772,0.015902104794004907,0.06901481900902554,0.3118182536219143,0.01621620595014538,0.16726211547756137,5.0,4.0,3.0
ReferenceResidual-FixedPenalty-PPO,hotspot_unseen,1,20.454241600000003,14.318792,6.135449600000001,8.5618392,5.7569528,1.690288,1.0933162962962961,1.3673040235690237,0.09690000116825104,0.0,0.0,0.0,0.083567671707039,0.1388719583665432,0.17308923313276148,1.0,31.0,73.0,0.8971793628913486,59.8184,46.1816,5.079,0.1544,0.1278,21329,2412.8500000000004,0.4406132175051145,1.6239116408515497,0.4280518093382076,1.5214564345312542,0.012561408166906983,0.10245520632029542,0.3070922743417501,0.012696909256873837,0.16710210660562214,5.0,4.0,3.0
ReferenceResidual-FixedPenalty-PPO,tight_sla,1,20.033015999999996,14.9794896,5.053526400000001,8.9977528,5.9817368,1.791976,1.2114351515151516,1.4338680005611673,0.004100000020116568,8.924309440772049e-06,0.0003,0.0003,0.0,0.015473131493687856,0.01981300089047195,1.0,2.0,5.0,0.8792454974523983,77.578,28.422,0.4701,0.0191,0.0097,17902,1672.0,0.2870983167629439,1.2720954327037606,0.26970860073775205,1.1011584896792599,0.01738971602519182,0.17093694302450052,0.2524606766117008,0.013518924161165504,0.10192588531707775,5.0,4.0,3.0
ReferenceResidual-FixedPenalty-PPO,nominal_hetero,2,19.915377600000003,14.91492,5.0004576,8.999212,5.9157079999999995,1.7414943999999999,1.2113133333333332,1.42456312345679,0.007974999956786633,0.0,0.0,0.0,0.0,0.01810031774852474,0.022157434402332362,1.0,3.0,9.0,0.875681907873982,76.652,29.348,0.6678,0.0253,0.0158,17624,1853.3,0.28143120655786386,1.3006313080279441,0.2809371193446433,1.1424020924522433,0.0004940872132205278,0.15822921557570066,0.2578761147120573,0.00688610678726839,0.08694809862511915,5.0,4.0,3.0
ReferenceResidual-FixedPenalty-PPO,load_surge,2,22.2650752,17.4639072,4.801168,10.7469392,6.716968,1.7149968000000002,1.446961212121212,1.646581905723906,0.0007999999797903001,0.0,0.0,0.0,0.00929104435020713,0.002687229816567356,0.004087521038711229,1.0,2.0,4.0,0.8266288481876722,79.4866,26.5134,0.1916,0.011,0.0037,17118,1795.1999999999998,0.2586347189122065,1.2989015382127271,0.25387671028478465,1.177882361539685,0.004758008627421915,0.12101917667304224,0.23984496307320843,0.00857738054479526,0.1025471205383065,5.0,4.0,3.0
ReferenceResidual-FixedPenalty-PPO,edge_fade,2,18.3055248,13.4388144,4.8667104000000005,8.9938296,4.4449848,1.0688672000000001,0.9896918518518519,1.2121096851851851,0.0622749999165535,0.0006552612176164985,0.03618333333333333,0.03618333333333333,0.03913391057107481,0.08611802860948631,0.1006412043490382,1.0,12.0,26.0,0.8326125424825016,64.4355,41.5645,3.4669,0.1123,0.0869,17267,1739.5,0.39114090779605026,1.9712451415066203,0.392377330171603,1.856802720116427,-0.0012364223755527203,0.11444242139019323,0.3098373399253683,0.008624504981764071,0.11825326288785401,5.0,4.0,3.0
ReferenceResidual-FixedPenalty-PPO,bursty_urllc,2,22.225687199999996,14.293520800000003,7.9321664,8.998347200000001,5.2951736,1.5756904,1.211660909090909,1.3395554046015714,0.13547499477863312,0.0004340842133387923,0.014483333333333334,0.014483333333333334,0.0035432062386275454,0.20790243206618644,0.22322339340360423,1.0,42.0,58.0,0.9373329684403408,56.5834,49.4166,5.9353,0.1806,0.1506,28042,1771.95,0.4604126750375257,1.8572431441392032,0.4597599661201528,1.6865720957852235,0.0006527089173729891,0.1706710483539799,0.30597471740860327,0.008517596171948647,0.12080874049903367,5.0,4.0,3.0
ReferenceResidual-FixedPenalty-PPO,mixed_dynamic,2,20.283441599999996,13.742984799999999,6.540456800000001,9.062865599999999,4.6801192,1.1596016,1.073705185185185,1.24940634006734,0.17372499406337738,0.0,0.0,0.0,0.07983131578958803,0.26236939815214577,0.2732045752859554,2.0,73.0,105.0,0.8877580217399094,52.6271,53.3729,8.2781,0.2468,0.2118,23162,1859.2,0.49362316312553983,2.2173169239730077,0.49281573338714707,2.059398186241887,0.0008074297383927515,0.15791873773112078,0.31453884483465155,0.008614620556279007,0.1177523635783538,5.0,4.0,3.0
ReferenceResidual-FixedPenalty-PPO,hotspot_unseen,2,19.791650399999998,13.829301599999999,5.9623488,8.6223224,5.2069792,1.1587352,1.072902962962963,1.2874517003367003,0.13985000550746918,0.0,0.0,0.0,0.10017763377381872,0.18701461579277412,0.24245591116917048,1.0,43.0,76.0,0.8748118908535996,60.5784,45.4216,6.4135,0.189,0.1658,20731,3010.7,0.42355235887269865,1.9037976719049825,0.42040892420617126,1.739875710592891,0.003143434666527321,0.16392196131209122,0.3137348528112759,0.009224547654498125,0.11764011094876745,5.0,4.0,3.0
ReferenceResidual-FixedPenalty-PPO,tight_sla,2,19.8336912,14.921934400000001,4.9117568,9.003128,5.918806399999999,1.7275559999999999,1.2131118181818183,1.424405265993266,0.0032500000670552254,3.512835974106565e-05,0.0012333333333333332,0.0012333333333333332,0.0,0.010853336396003216,0.014404681521494486,1.0,2.0,5.0,0.8721877371970771,78.0611,27.9389,0.3087,0.013,0.0067,17414,2854.05,0.26919945687473273,1.288067389180485,0.2677508335163555,1.1358151001935866,0.001448623358377201,0.15225228898689858,0.2502312591334554,0.006226635371095598,0.08749296952970599,5.0,4.0,3.0
ReferenceResidual-FixedPenalty-PPO,nominal_hetero,3,19.8146016,14.905692800000002,4.908908800000001,8.999144000000001,5.9065487999999995,1.7081376,1.2119454545454547,1.4221179646464648,0.00019999999494757503,0.0,0.0,0.0,0.0,0.0008022922636103152,0.0017275419545903258,1.0,3.0,4.0,0.8726492577785767,78.8423,27.1577,0.1098,0.0078,0.0019,17450,1493.9,0.2643921287407667,1.1817527847484395,0.27207157713718055,1.1277450495680417,-0.0076794483964139045,0.054007735180397934,0.2391801633206552,0.00782653137987304,0.08459664619860022,5.0,4.0,3.0
ReferenceResidual-FixedPenalty-PPO,load_surge,3,22.6690072,17.8575864,4.8114208000000005,10.744095999999999,7.1134904,2.1431592,1.4463760606060605,1.7081056705948372,0.0007249999907799065,0.0,0.0,0.0,0.0,0.0022743177046885936,0.0037341299477221808,1.0,2.0,4.0,0.8356470104976692,81.5766,24.4234,0.1056,0.0048,0.0022,17148,1493.6,0.23943228658612012,1.1688220505038602,0.2483758221024259,1.063562860391979,-0.008943535516305784,0.1052591901118812,0.2191009917257673,0.008723475974719602,0.08466026250910066,5.0,4.0,3.0
ReferenceResidual-FixedPenalty-PPO,edge_fade,3,18.0855016,13.1392688,4.9462328,8.78584,4.3534288,1.1163952,1.0186446666666669,1.186426054433221,0.10215000063180923,0.0,0.0,0.0,0.04130581093346615,0.14667886132388247,0.16770018873011594,2.0,15.0,36.0,0.8401046464466192,57.9942,48.0058,5.9351,0.1881,0.151,17494,1504.5,0.4472372638496013,1.936642998433104,0.4533417149632961,1.9040815356305212,-0.006104451113694775,0.032561462802583006,0.32223734221074607,0.0083153824528062,0.11838952918341614,5.0,4.0,3.0
ReferenceResidual-FixedPenalty-PPO,bursty_urllc,3,22.056531200000002,13.9778848,8.0786464,8.864730400000001,5.1131544,1.4045632,1.2133906060606061,1.301381286195286,0.1979999989271164,0.0,0.0,0.0,0.021283247751614467,0.3183043371722617,0.32044278320874064,2.0,29.0,62.0,0.9347447354818116,51.8348,54.1652,9.2106,0.2737,0.2358,28567,1517.85,0.4976379775722506,1.724690842801894,0.5099360377825446,1.7449260810175846,-0.012298060210294028,-0.02023523821569094,0.3083231250846721,0.01107679560611332,0.12846256119385643,5.0,4.0,3.0
ReferenceResidual-FixedPenalty-PPO,mixed_dynamic,3,21.509128,14.998475199999998,6.510652800000001,9.8741408,5.1243344,1.3532096,1.2529718518518518,1.36790804657688,0.1120000034570694,0.0,0.0,0.0,0.04081960776882029,0.16976563175646459,0.182052225082751,2.0,38.0,55.0,0.8775459587651415,59.3766,46.6234,5.6862,0.174,0.1444,23126,1493.9,0.43434521244815294,1.7820741233263124,0.4440439180178506,1.7469453748795998,-0.009698705569697683,0.035128748446712585,0.3081756081677634,0.0100719991224408,0.13730583036664146,5.0,4.0,3.0
ReferenceResidual-FixedPenalty-PPO,hotspot_unseen,3,19.832552,13.7914792,6.0410728,8.4756216,5.3158576,1.598756,1.0543014814814815,1.3050144377104378,0.20434999465942383,0.00027145372587256134,0.016750000000000004,0.016750000000000004,0.09359454551934189,0.2727186356942663,0.3449874188849159,2.0,118.0,145.0,0.8923561689962101,54.6581,51.3419,8.9398,0.2573,0.2354,21051,1563.9,0.4720598446602439,1.8554334523509628,0.4848766118962604,1.8050029170943198,-0.012816767236016506,0.05043053525664282,0.30708173685996953,0.01192363849223997,0.10895275017583499,5.0,4.0,3.0
ReferenceResidual-FixedPenalty-PPO,tight_sla,3,19.9131576,14.982917599999999,4.9302399999999995,8.996232,5.9866856,1.7893232000000001,1.212090303030303,1.4342910134680136,0.008200000040233135,0.0,0.0,0.0,0.0,0.025157948659570835,0.030628213726805277,1.0,3.0,7.0,0.8751438990821646,77.1313,28.8687,0.7299,0.0259,0.0168,17569,1713.45,0.2792335697068393,1.1903347692319615,0.2867123557670828,1.1258113582647307,-0.007478786060243516,0.06452341096723078,0.24982775901262289,0.008111428963730018,0.09691852150739916,5.0,4.0,3.0
ReferenceResidual-FixedPenalty-PPO,nominal_hetero,4,19.9089288,14.925415199999998,4.9835136,8.9979424,5.9274728,1.7300984,1.211540606060606,1.425345601010101,0.0006249999860301614,0.0,0.0,0.0,0.0,0.0013610071452875127,0.002129925452609159,1.0,2.0,3.0,0.8754890839893209,80.2282,25.7718,0.0848,0.0047,0.0017,17634,1506.2,0.2498680970175698,0.9820190764890926,0.25184149763157315,1.14758710601313,-0.0019734006140033626,-0.16556802952403754,0.2271434503569254,0.005578043597165057,0.0506249326508789,5.0,4.0,3.0
ReferenceResidual-FixedPenalty-PPO,load_surge,4,22.677504000000003,17.7383928,4.939111199999999,10.7379136,7.0004792,1.9861096,1.4470760606060604,1.6894573063973064,4.999999873689376e-05,0.0,0.0,0.0,0.0,0.00034317089910775565,0.000559753708368318,1.0,2.0,3.0,0.8380555889518101,82.3785,23.6215,0.0461,0.0039,0.0007,17484,1485.5,0.23106578880671313,0.9532254256960401,0.23731780047355683,1.111822023894951,-0.006252011666843655,-0.1585965981989108,0.20817531478504028,0.009141449338890172,0.059249462523439926,5.0,4.0,3.0
ReferenceResidual-FixedPenalty-PPO,edge_fade,4,18.2661232,13.3351824,4.9309408,9.0020016,4.3331808,1.0543200000000001,0.9762222222222223,1.1980881661054996,0.10040000081062317,0.0008246682118624449,0.03836666666666667,0.03836666666666667,0.04381519049739927,0.14409831380394397,0.15356622998544395,2.0,19.0,55.0,0.8321583747843493,57.6853,48.3147,5.9601,0.1876,0.1525,17495,1527.1,0.4506946398439959,1.8323007195189296,0.45574409581087605,1.9622684434563125,-0.005049455966880017,-0.12996772393738282,0.32472988952169013,0.008569556106223218,0.0776376528169539,5.0,4.0,3.0
ReferenceResidual-FixedPenalty-PPO,bursty_urllc,4,22.598391999999997,14.6906096,7.907782399999999,9.0023544,5.6882552,1.5828023999999998,1.2118484848484847,1.390134475869809,0.04774999991059303,0.0,0.0,0.0,0.0035397047040167363,0.08397573162027124,0.09550321199143469,1.0,10.0,25.0,0.9430710925712013,63.5589,42.4411,2.628,0.086,0.0641,28020,1533.5,0.40024361153615284,1.187077465311162,0.4037083676122784,1.3540260868849459,-0.003464756076125544,-0.16694862157378376,0.289843325914085,0.008084113853569011,0.08079894581109463,5.0,4.0,3.0
ReferenceResidual-FixedPenalty-PPO,mixed_dynamic,4,22.1791488,15.8113344,6.3678144,10.303529600000001,5.507804800000001,1.3847632,1.282188148148148,1.4435827839506175,0.10684999823570251,0.0,0.0,0.0,0.0344021522551149,0.15600886917960088,0.16399788843920465,2.0,34.0,50.0,0.8645832744816715,59.3806,46.6194,5.0087,0.1562,0.1266,22550,1531.35,0.4352889523256952,1.6039168091830485,0.44408122142087086,1.6999523461534503,-0.008792269095175692,-0.09603553697040225,0.307281650603261,0.011732662996777048,0.10034004751663791,5.0,4.0,3.0
ReferenceResidual-FixedPenalty-PPO,hotspot_unseen,4,20.079760800000003,14.1283112,5.9514496,8.5521984,5.576112800000001,1.6380008,1.0876603703703702,1.3406403013468013,0.17887499928474426,0.0001387757802149281,0.0162,0.0162,0.09287620011092736,0.24195014592603226,0.2944386694386694,2.0,43.0,61.0,0.8898424806670973,55.5675,50.4325,8.2146,0.2418,0.2132,20901,1524.25,0.4664929767502447,1.6159235069236146,0.4698240208311596,1.7416542348332682,-0.00333104408091479,-0.12573072790965356,0.31620207285570295,0.008202806731691152,0.08067349529818303,5.0,4.0,3.0
ReferenceResidual-FixedPenalty-PPO,tight_sla,4,19.8561048,14.9284632,4.9276416,9.007416,5.921047199999999,1.726176,1.2135857575757574,1.4249641077441078,0.007524999789893627,0.0,0.0,0.0,0.0,0.027701307639366828,0.03425856464116029,1.0,3.0,7.0,0.8726246979260913,73.3387,32.6613,0.7936,0.0348,0.017,17436,1519.1,0.31359179565475076,1.022431239823585,0.3155303453037081,1.169107398076008,-0.0019385496489573554,-0.14667615825242297,0.2804242734276554,0.006146763085502774,0.06961811741579592,5.0,4.0,3.0
ReferenceResidual-SingleConstraint-PD-PPO,nominal_hetero,0,19.743776800000003,14.791322399999999,4.952454400000001,8.992383199999999,5.7989392,1.6070239999999998,1.2120990909090907,1.4053398731762066,0.005249999929219484,1.023468121275073e-05,0.0010166666666666666,0.0010166666666666666,0.0,0.01047657006206229,0.011631127111603435,2.0,3.0,6.0,0.871849586974138,78.865,27.135,0.4391,0.017,0.0101,17563,1700.9,0.2598985529198045,1.1100231607047057,0.29951721762189515,1.133495430801234,-0.0396186647020906,-0.023472270096528386,0.2284865726623541,0.023840073634963533,0.07902003316816976,14.463544845581055,0.0,0.0
ReferenceResidual-SingleConstraint-PD-PPO,load_surge,0,22.8868608,17.8641488,5.022712,10.743883199999999,7.120265600000001,2.1477648,1.446850606060606,1.7099934590347923,0.01067500002682209,0.0,0.0,0.0,0.0,0.014998314796090328,0.020282892981051508,2.0,4.0,9.0,0.8438225012890044,77.292,28.708,0.6485,0.0251,0.0157,17802,1501.65,0.273658560704717,1.111108479787995,0.31677972954469985,1.1185093642807526,-0.04312116883998286,-0.0074008844927572195,0.23641367218719647,0.02573348435375164,0.1107766423129788,14.463544845581055,0.0,0.0
ReferenceResidual-SingleConstraint-PD-PPO,edge_fade,0,16.692804799999998,11.8010192,4.8917856,7.911667200000001,3.8893519999999997,0.9923544,0.9188466666666666,1.0635139399551068,0.2766000032424927,0.004407060798257589,0.0949,0.0949,0.09046314951805565,0.31618199687807136,0.33007334963325186,3.0,50.0,64.0,0.8548615920394672,48.7789,57.2211,12.5254,0.3692,0.3277,17297,1506.7,0.5160853245504033,2.2326555992678174,0.5505171539178159,2.386858971600434,-0.03443182936741254,-0.15420337233261658,0.3101341186979848,0.02630946043897196,0.17024868603281998,14.463544845581055,0.0,0.0
ReferenceResidual-SingleConstraint-PD-PPO,bursty_urllc,0,22.528625599999998,14.5544904,7.974135199999999,8.9944944,5.559996,1.5084456,1.2114612121212123,1.3706090662177326,0.13307499885559082,7.983783871168271e-05,0.0027166666666666663,0.0027166666666666663,0.0008868950100332044,0.20732440171091238,0.2109886324491905,2.0,36.0,62.0,0.941441686082576,57.7233,48.2767,6.3472,0.1938,0.1603,28289,1486.15,0.4445446100142435,1.4537690005685342,0.4852413505609622,1.5187843222557622,-0.04069674054671867,-0.06501532168722797,0.2928314110891676,0.026027158042769855,0.14135273189136335,14.463544845581055,0.0,0.0
ReferenceResidual-SingleConstraint-PD-PPO,mixed_dynamic,0,20.805161599999998,14.3698592,6.435302399999999,9.6247912,4.745068,1.1569504,1.0712503703703702,1.2978702558922557,0.17042499780654907,0.000247113493969664,0.01005,0.01005,0.06706064593791586,0.2694073912092718,0.28033838973162195,3.0,44.0,75.0,0.8723914585247916,53.3696,52.6304,8.2652,0.2558,0.2088,22865,1493.6,0.48166988540422634,1.6378521502428691,0.5194502300311361,1.812280174446417,-0.0377803446269097,-0.17442802420354783,0.30306953469930953,0.026026699929689246,0.1726687126556327,14.463544845581055,0.0,0.0
ReferenceResidual-SingleConstraint-PD-PPO,hotspot_unseen,0,20.285152,14.404120800000001,5.8810312,8.756304,5.647816799999999,1.6222032,1.192309259259259,1.3662977031425363,0.1560250073671341,0.0,0.0,0.0,0.0782530379395921,0.20051601596728655,0.2383107088989442,2.0,85.0,102.0,0.8909535849814553,63.6365,42.3635,6.739,0.1928,0.178,20542,1500.6,0.38774847673177226,1.5131312394759,0.43261827872447045,1.5462628974683257,-0.044869801992698244,-0.0331316579924259,0.2857332361460933,0.02476974761987556,0.11160714097638329,14.463544845581055,0.0,0.0
ReferenceResidual-SingleConstraint-PD-PPO,tight_sla,0,19.5884368,14.7781752,4.8102616000000005,8.9999024,5.7782728,1.5776816,1.211972121212121,1.402334476992144,0.003074999898672104,0.0,0.0,0.0,0.0,0.0127627188103741,0.01784367931641116,2.0,3.0,5.0,0.865084058958507,79.4119,26.5881,0.4091,0.016,0.0091,17081,1513.5,0.25485257562034325,1.1099443423143693,0.29399486652565127,1.1119574843465254,-0.03914229090530802,-0.0020131420321560967,0.22671965715732958,0.02412660914744888,0.08656681137389395,14.463544845581055,0.0,0.0
ReferenceResidual-SingleConstraint-PD-PPO,nominal_hetero,1,19.6335472,14.706132799999999,4.9274144,8.9974648,5.708668,1.5705,1.212212727272727,1.3938459730639732,0.0042500002309679985,0.0001914111344376579,0.003,0.003,0.0,0.01026670490392888,0.01350606394707828,1.0,3.0,7.0,0.8692218940231987,75.2243,30.7757,0.6044,0.0247,0.0126,17435,1482.65,0.31201463214359676,1.3067886572536451,0.29158686999614913,1.226532160309717,0.02042776214744767,0.08025649694392797,0.2701871114252473,0.015637445038261574,0.12687302618925592,14.679937362670898,0.0,0.0
ReferenceResidual-SingleConstraint-PD-PPO,load_surge,1,22.2491272,17.3616328,4.8874944,10.7456624,6.6159704,1.7790288,1.4472581818181818,1.6334594562289562,0.0037249999586492777,0.0,0.0,0.0,0.0052242851774882745,0.008703170028818444,0.012151536812008578,1.0,3.0,6.0,0.8296035104436885,74.1822,31.8178,0.3916,0.0173,0.0081,17350,1466.0,0.32550603333365286,1.217545819042779,0.30180194021646933,1.1434963139349512,0.02370409311718349,0.07404950510782796,0.2746712252269607,0.018290645763891167,0.13621315112269541,14.679937362670898,0.0,0.0
ReferenceResidual-SingleConstraint-PD-PPO,edge_fade,1,17.8332512,12.8747336,4.9585176,8.7414032,4.1333304,0.9262184,0.8576096296296296,1.1520213703703703,0.08474999666213989,0.005120133049786091,0.07393333333333334,0.07393333333333334,0.04779457145504485,0.11865663131485917,0.13260869565217392,1.0,13.0,23.0,0.8351164635326958,60.3211,45.6789,5.1414,0.1629,0.1302,17538,1528.4,0.44074785036055664,1.996104351582037,0.4240640840427823,1.9716024309673306,0.016683766317774403,0.024501920614705887,0.3184989075691029,0.019777530812476726,0.1620825701283197,14.679937362670898,0.0,0.0
ReferenceResidual-SingleConstraint-PD-PPO,bursty_urllc,1,22.8968272,14.9093904,7.9874368,9.0019072,5.9074832,1.7273496000000002,1.2124075757575756,1.423122021885522,0.03657500073313713,0.0,0.0,0.0,0.0,0.0748270506847381,0.08355122415022581,1.0,8.0,26.68999999999869,0.9498887546946448,63.4535,42.5465,2.2705,0.0787,0.0533,28332,1702.1,0.418935462519323,1.3624871044913198,0.39918187547322465,1.2831440754148389,0.019753587046098413,0.07934302907648066,0.28902302439849276,0.016671542584112402,0.1500323647871795,14.679937362670898,0.0,0.0
ReferenceResidual-SingleConstraint-PD-PPO,mixed_dynamic,1,20.8078096,14.342527999999998,6.465281599999999,9.5726488,4.769879199999999,1.1092208,1.0270562962962961,1.294886549943883,0.14505000412464142,0.0,0.0,0.0,0.06651532171439746,0.20955288985823337,0.2179813401187447,1.0,65.0,78.0,0.8727894703525008,58.0216,47.9784,6.4081,0.1902,0.1669,22925,1487.1,0.46341245123550107,2.002856694595822,0.4436130017725219,1.9806283919574366,0.019799449462979225,0.022228302638385686,0.3106005891631864,0.021945065538053758,0.19303345432816463,14.679937362670898,0.0,0.0
ReferenceResidual-SingleConstraint-PD-PPO,hotspot_unseen,1,20.456428,14.3209784,6.135449600000001,8.56346,5.7575184,1.6903312,1.0940666666666665,1.3675083075196408,0.09712500125169754,0.0,0.0,0.0,0.08349860061120928,0.13952834169440667,0.17347330687492,1.0,31.0,73.0,0.8971835155004647,59.8297,46.1703,5.0934,0.1545,0.1284,21329,1586.2,0.4499530258107764,1.6432826186650804,0.4281255914931595,1.518440320067475,0.021827434317616853,0.12484229859760548,0.30478650993492357,0.020658643325692,0.17401931791990313,14.679937362670898,0.0,0.0
ReferenceResidual-SingleConstraint-PD-PPO,tight_sla,1,20.0329624,14.979436,5.053526400000001,8.9977528,5.981683199999999,1.7919296,1.2114351515151516,1.4338598400673401,0.00419999985024333,9.305167623097077e-06,0.0003,0.0003,0.0,0.015473131493687856,0.01981300089047195,1.0,2.0,5.0,0.879244548558133,77.5775,28.4225,0.4738,0.0192,0.0098,17902,1519.95,0.28947162739648663,1.2154554303834,0.26973221626960875,1.1017019272136943,0.019739411126877895,0.113753503169706,0.2534420121260351,0.01398911714950331,0.1173604724077492,14.679937362670898,0.0,0.0
ReferenceResidual-SingleConstraint-PD-PPO,nominal_hetero,2,19.9155888,14.9151672,5.0004216,8.999212,5.9159552,1.7416376,1.2113133333333332,1.424597259259259,0.009050000458955765,0.0,0.0,0.0,0.0,0.019179481359586904,0.022546161321671525,2.0,4.0,9.0,0.8756833639912359,76.8893,29.1107,0.7236,0.0282,0.0171,17623,1500.3,0.2796618682881661,1.1274090353363462,0.30907933037942664,1.1430003515944673,-0.029417462091260553,-0.015591316258121416,0.24499553839040403,0.018448861641328147,0.10686579191493702,13.8508882522583,0.0,0.0
ReferenceResidual-SingleConstraint-PD-PPO,load_surge,2,22.2673336,17.466277599999998,4.801056,10.7469392,6.7193384,1.7167264,1.446961212121212,1.6469378193041528,0.0010999999940395355,0.0,0.0,0.0,0.009223544090563647,0.003447067071745735,0.00456950456950457,2.0,3.0,5.0,0.8266765665525319,79.7152,26.2848,0.2357,0.0126,0.0045,17116,1531.2,0.25455636965231726,1.1496825521999245,0.2813077060082903,1.1781979233893023,-0.0267513363559731,-0.028515371189377685,0.22647540090443924,0.01826943527249143,0.11257329856364698,13.8508882522583,0.0,0.0
ReferenceResidual-SingleConstraint-PD-PPO,edge_fade,2,18.3108288,13.4441624,4.8666664,8.9938296,4.4503328,1.0696896,0.9904533333333333,1.2127774320987654,0.06369999796152115,0.0006367709720507264,0.03576666666666667,0.03576666666666667,0.03905637213486919,0.08751810020272227,0.10203512684694731,2.0,12.0,26.0,0.832697121330873,64.6315,41.3685,3.5599,0.1165,0.0892,17265,1510.4,0.3896658592160331,1.8789051329484092,0.4145523557514084,1.8550142398510114,-0.02488649653537529,0.023890893097398072,0.29939052649248804,0.017321016127263136,0.1298327780140765,13.8508882522583,0.0,0.0
ReferenceResidual-SingleConstraint-PD-PPO,bursty_urllc,2,22.234088,14.3019216,7.9321664,8.998347200000001,5.3035744000000005,1.577048,1.211660909090909,1.3406857811447812,0.13795000314712524,0.0004118350043427199,0.0142,0.0142,0.0032144137812604905,0.21236003138149917,0.22747364841890513,2.0,43.0,59.0,0.937510113284589,56.8555,49.1445,6.1357,0.187,0.155,28042,1519.6,0.45595310955900076,1.6938389589520049,0.482536297284772,1.6833454989956176,-0.026583187725771312,0.010493459956387346,0.2976307607200557,0.018248000672001597,0.13671337499472436,13.8508882522583,0.0,0.0
ReferenceResidual-SingleConstraint-PD-PPO,mixed_dynamic,2,20.3256136,13.7854648,6.540148800000001,9.0927608,4.692704,1.1612136,1.0751977777777777,1.2530801683501682,0.17932499945163727,0.0,0.0,0.0,0.07838181433900022,0.27170674841328096,0.2823926495405963,2.0,74.0,105.0,0.8871223916195456,52.8575,53.1425,8.5508,0.254,0.2191,23161,1745.55,0.48938319645291994,2.0485582621964173,0.5133337520521026,2.053832973842036,-0.023950555599182594,-0.005274711645617953,0.3059286439205651,0.01854059812797405,0.14267007048478722,13.8508882522583,0.0,0.0
ReferenceResidual-SingleConstraint-PD-PPO,hotspot_unseen,2,19.797526400000002,13.8353536,5.962172799999999,8.6242344,5.211119200000001,1.1595103999999998,1.0736207407407405,1.2881861941638608,0.14159999787807465,0.0,0.0,0.0,0.1000312057904023,0.18977327544621322,0.24614580611444997,2.0,43.0,75.0,0.8748879150289048,60.8025,45.1975,6.5121,0.1931,0.1675,20730,1496.4,0.4191942703151053,1.7220295228110025,0.4409834975066846,1.7399880687526565,-0.021789227191579285,-0.017958545941654018,0.30654858841759824,0.018152551788634192,0.13191662937022283,13.8508882522583,0.0,0.0
ReferenceResidual-SingleConstraint-PD-PPO,tight_sla,2,19.83398,14.9223648,4.9116152,9.0030936,5.919271200000001,1.7280183999999998,1.2131118181818183,1.4244746734006732,0.003874999936670065,3.5545628634281456e-05,0.0012333333333333332,0.0012333333333333332,0.0,0.012978808935852524,0.016430339860454647,2.0,3.0,5.0,0.872192787021351,78.3055,27.6945,0.3666,0.0157,0.0077,17413,1483.05,0.267107209143806,1.1269305861324979,0.2961785862102698,1.1367961434979619,-0.029071377066463906,-0.009865557365464158,0.237090035216278,0.01867698470017928,0.11315912246919775,13.8508882522583,0.0,0.0
ReferenceResidual-SingleConstraint-PD-PPO,nominal_hetero,3,19.8094456,14.9005336,4.908912,8.9991328,5.901400799999999,1.7029728,1.2119454545454547,1.4213223967452302,0.00019999999494757503,0.0,0.0,0.0,0.0,0.0008022462896109105,0.0017271157167530224,1.0,3.0,4.0,0.8725365961908889,78.8431,27.1569,0.115,0.008,0.002,17451,1599.15,0.26442629941497836,0.38600665385422933,0.2724002300871128,1.1393425571197275,-0.00797393067213446,-0.753335903265498,0.23802219984364673,0.007346639543947875,0.06585285578254581,12.546579360961914,0.0,0.0
ReferenceResidual-SingleConstraint-PD-PPO,load_surge,3,22.668892,17.857444,4.8114479999999995,10.744095999999999,7.113347999999999,2.1431975999999997,1.4463760606060605,1.708086485409652,0.0006249999860301614,0.0,0.0,0.0,0.0,0.0022160018661068347,0.0037341299477221808,1.0,2.0,4.0,0.8356468889064129,81.5537,24.4463,0.0989,0.0048,0.0021,17148,1552.45,0.23974562393514115,0.3854505080562719,0.2461083129855716,1.0699004254143796,-0.006362689050430418,-0.6844499173581077,0.21947696656515406,0.006085240392092501,0.07702489827922146,12.546579360961914,0.0,0.0
ReferenceResidual-SingleConstraint-PD-PPO,edge_fade,3,18.0996344,13.1534192,4.9462152,8.8045504,4.3488688,1.1105608,1.0085140000000001,1.186691438271605,0.10197500139474869,0.0,0.0,0.0,0.04220808808373934,0.1482222476277581,0.16850903208411971,2.0,15.0,35.0,0.8387903865145593,57.9943,48.0057,6.0032,0.1905,0.1521,17494,1526.8000000000002,0.44799422403899514,1.1500791658037268,0.45686119352963905,1.9296345909568102,-0.008866969490643844,-0.7795554251530833,0.3194231515907245,0.008110252788091575,0.10677190943765798,12.546579360961914,0.0,0.0
ReferenceResidual-SingleConstraint-PD-PPO,bursty_urllc,3,22.056151999999997,13.977511200000002,8.078640799999999,8.864604,5.1129072,1.4057048,1.2133906060606061,1.3014085392817059,0.19165000319480896,0.0,0.0,0.0,0.02124331358336814,0.3101589301967374,0.3139735480161012,2.0,27.0,57.0,0.9347773077008408,51.8216,54.1784,9.0867,0.2721,0.2308,28566,1544.5,0.49890895540166674,1.010698168631356,0.5103604791239974,1.766128948932856,-0.01145152372233067,-0.7554307803014998,0.30941918473208263,0.00878746669155441,0.11238206879579055,12.546579360961914,0.0,0.0
ReferenceResidual-SingleConstraint-PD-PPO,mixed_dynamic,3,21.563096,15.052443199999999,6.510652800000001,9.9228448,5.129598400000001,1.348548,1.2486555555555556,1.3716989921436589,0.1122250035405159,0.0,0.0,0.0,0.04042435249284037,0.17140880394361324,0.1835233541743288,2.0,37.0,54.0,0.8760474756830694,59.3692,46.6308,5.7402,0.1768,0.1456,23126,1592.65,0.43464351912533566,1.027252728060278,0.444282260328905,1.7646727447821744,-0.009638741203569274,-0.7374200167218967,0.30770884727589376,0.008311197128722228,0.10894507839422399,12.546579360961914,0.0,0.0
ReferenceResidual-SingleConstraint-PD-PPO,hotspot_unseen,3,19.8302288,13.789156,6.0410728,8.462332,5.326824,1.602916,1.0481488888888888,1.3055258142536477,0.2024250030517578,0.000370640802429989,0.01831666666666667,0.01831666666666667,0.09413571702063898,0.27224359887891314,0.3447225533041981,2.0,115.0,142.0,0.8925906397030121,54.6381,51.3619,8.9286,0.2576,0.2349,21051,1521.5,0.47298417234631035,1.136105708086343,0.48522215131642005,1.826740097089949,-0.012237978970109697,-0.6906343890036063,0.3076123665542315,0.009663753697658338,0.11328222902073229,12.546579360961914,0.0,0.0
ReferenceResidual-SingleConstraint-PD-PPO,tight_sla,3,19.9098128,14.979572799999998,4.9302399999999995,8.996232,5.9833408,1.7859488,1.212090303030303,1.4337743838383838,0.007974999956786633,0.0,0.0,0.0,0.0,0.02504411178780807,0.030181086519114688,1.0,3.0,7.0,0.8750806443062007,77.1198,28.8802,0.7303,0.0259,0.0168,17569,1506.85,0.27907897095688783,0.41111360617855824,0.28565513803270515,1.136926926831181,-0.00657616707581731,-0.7258133206526227,0.24968070346685597,0.006847553726667991,0.06419568385331428,12.546579360961914,0.0,0.0
ReferenceResidual-SingleConstraint-PD-PPO,nominal_hetero,4,19.9084864,14.924972799999999,4.9835136,8.9979424,5.9270304,1.7296559999999999,1.211540606060606,1.4252773294051628,0.0006249999860301614,0.0,0.0,0.0,0.0,0.0013610071452875127,0.002129925452609159,1.0,2.0,3.0,0.8754797735488054,80.2892,25.7108,0.0852,0.0047,0.0017,17634,1522.4,0.25110541579874573,0.7605184984541141,0.2576799182917112,1.1501732388048442,-0.0065745024929654535,-0.38965474035072994,0.2230296835322004,0.007278270018988307,0.07523574042523754,15.017254829406738,0.0,0.0
ReferenceResidual-SingleConstraint-PD-PPO,load_surge,4,22.676493599999997,17.7373872,4.9391064,10.7379136,6.9994736,1.9850815999999998,1.4470760606060604,1.6893018310886643,4.999999873689376e-05,0.0,0.0,0.0,0.0,0.00034317089910775565,0.000559753708368318,1.0,2.0,3.0,0.8380354096808057,82.409,23.591,0.0463,0.0041,0.0007,17484,1511.75,0.23160995052835623,0.7140784177735324,0.24024144031079842,1.1143281611297273,-0.00863148978244222,-0.4002497433561949,0.2058301627030968,0.00815989211301823,0.0772437361623544,15.017254829406738,0.0,0.0
ReferenceResidual-SingleConstraint-PD-PPO,edge_fade,4,18.262363999999998,13.331427199999998,4.9309368,9.0020016,4.3294256,1.051656,0.9737555555555554,1.1974874253647587,0.09577500075101852,0.0008949561160989106,0.03865,0.03865,0.04393387146341658,0.1392477420829999,0.148424543946932,2.0,18.0,54.0,0.8319389220320846,57.7017,48.2983,5.8013,0.1845,0.1476,17494,1533.85,0.4512222174331614,1.669408066355684,0.45772435876118817,1.9699279071516758,-0.006502141328026832,-0.3005198407959916,0.32379735649693003,0.007585115351676966,0.13634333028298937,15.017254829406738,0.0,0.0
ReferenceResidual-SingleConstraint-PD-PPO,bursty_urllc,4,22.598020799999997,14.6902384,7.907782399999999,9.0023544,5.687884,1.5817527999999998,1.2118484848484847,1.3900667227833896,0.047724999487400055,0.0,0.0,0.0,0.003582066054931043,0.08322626695217701,0.09193433261955745,1.0,10.0,24.0,0.9430529017348681,63.6088,42.3912,2.6232,0.0859,0.0637,28020,1557.9499999999998,0.4002175050000085,0.9866456025878119,0.40795573059520746,1.3602905153290787,-0.007738225595198901,-0.37364491274126677,0.2877888340236488,0.007947853520193686,0.14383575044532396,15.017254829406738,0.0,0.0
ReferenceResidual-SingleConstraint-PD-PPO,mixed_dynamic,4,22.1751272,15.8073128,6.3678144,10.3039552,5.503357599999999,1.383544,1.2810592592592593,1.4429778888888887,0.10575000196695328,0.0,0.0,0.0,0.03458328517043469,0.15467849223946786,0.1619047619047619,2.0,31.0,48.0,0.8644335542670217,59.325,46.675,4.9989,0.1567,0.1259,22550,1627.6999999999998,0.43635970082858483,1.4426813557605176,0.44466173852795526,1.7118302705030517,-0.00830203769937045,-0.269148914742534,0.30747292639775964,0.009349266817997193,0.1378085564485827,15.017254829406738,0.0,0.0
ReferenceResidual-SingleConstraint-PD-PPO,hotspot_unseen,4,20.074362400000002,14.1229128,5.9514496,8.548516000000001,5.5743968,1.6367847999999998,1.0859607407407408,1.3400991531986532,0.17207500338554382,0.00016981003864202648,0.018883333333333332,0.018883333333333332,0.09312079434055474,0.23759628725898282,0.29015072765072764,2.0,41.0,60.0,0.8898162315812739,55.5574,50.4426,8.0757,0.2388,0.2093,20901,1534.35,0.46622329155824466,1.502001825502986,0.470556026137281,1.7511636504344108,-0.004332734579036358,-0.24916182493142477,0.3165976168768084,0.006151221905493272,0.1660239219301617,15.017254829406738,0.0,0.0
ReferenceResidual-SingleConstraint-PD-PPO,tight_sla,4,19.8563432,14.9287104,4.9276328000000005,9.007416,5.921294400000001,1.7263176000000002,1.2135857575757574,1.4249990151515153,0.007424999959766865,0.0,0.0,0.0,0.0,0.027817608259248637,0.03401700850425213,1.0,3.0,7.0,0.872627937562598,73.3759,32.6241,0.7952,0.0347,0.017,17435,1556.2,0.31388032515178355,0.8314258128559654,0.31894459526926233,1.171966060227908,-0.005064270117478808,-0.3405402473719426,0.27813774668260777,0.006729516304660021,0.11153768253992882,15.017254829406738,0.0,0.0
ReferenceResidual-MultiConstraint-PD-PPO,nominal_hetero,0,19.744112799999996,14.791581599999999,4.952531199999999,8.9922328,5.7993488,1.6075199999999998,1.2120990909090907,1.4053947003367002,0.004224999807775021,7.72340536059346e-06,0.0009,0.0009,0.0,0.008596151656609359,0.01079734219269103,1.0,3.0,5.349999999998545,0.8718677077523836,78.7289,27.2711,0.3855,0.0146,0.009,17566,1519.15,0.2651550720486686,1.456025307068537,0.27430408457361616,1.1305645785187957,-0.009149012524947528,0.32546072854974134,0.23644045666917965,0.01151008059274605,0.1289036746765422,13.746014595031738,0.0,0.036138202995061874
ReferenceResidual-MultiConstraint-PD-PPO,load_surge,0,22.8869216,17.8641824,5.0227392,10.7438664,7.120316000000001,2.1477608,1.446850606060606,1.7099987121212121,0.009724999777972698,0.0,0.0,0.0,0.0,0.013537044318373308,0.018943436499466382,2.0,3.0,8.0,0.8438240677533067,77.1457,28.8543,0.5783,0.0208,0.0141,17803,1684.1,0.27889981989541796,1.5281136464915575,0.2921115140532874,1.1167917873598638,-0.013211694157869448,0.41132185913169367,0.24460311671682955,0.015141864242414607,0.14537639010034614,13.746014595031738,0.0,0.036138202995061874
ReferenceResidual-MultiConstraint-PD-PPO,edge_fade,0,16.5126152,11.620797600000001,4.8918176,7.7764832,3.8443144,0.9838088,0.910934074074074,1.0484302923681257,0.24834999442100525,0.005603142082691193,0.11671666666666665,0.11671666666666665,0.09901878015733537,0.29490663120772387,0.3118717739744635,2.0,37.0,54.0,0.8589034146749105,48.2197,57.7803,11.7478,0.3483,0.3065,17297,1566.25,0.5301012043178285,2.6246575397429135,0.5312280526165037,2.4477588514268334,-0.0011268482986752225,0.17689868831608035,0.326100666227664,0.013325195071569356,0.20558820837982278,13.746014595031738,0.0,0.036138202995061874
ReferenceResidual-MultiConstraint-PD-PPO,bursty_urllc,0,22.518544799999997,14.544266400000001,7.974278399999999,8.9942344,5.550032,1.5045920000000002,1.211430909090909,1.369149645342312,0.11879999935626984,6.728502194164321e-05,0.002316666666666667,0.002316666666666667,0.0010813320963842365,0.18656769176387417,0.19200964353366626,2.0,31.0,57.0,0.9412139210810176,57.3329,48.6671,5.7207,0.1769,0.144,28290,1517.65,0.4550830689916596,1.8763264786326246,0.4616870502814987,1.5528159056914614,-0.006603981289839058,0.3235105729411632,0.3053861091033253,0.015442511659163771,0.18556307781205497,13.746014595031738,0.0,0.036138202995061874
ReferenceResidual-MultiConstraint-PD-PPO,mixed_dynamic,0,20.692095999999996,14.2567936,6.435302399999999,9.540805599999999,4.715988,1.1484144,1.0633466666666667,1.2882151414141414,0.14835000038146973,0.00023140247503761202,0.009866666666666668,0.009866666666666668,0.07056306456087601,0.23555652744369124,0.24358226371061845,2.0,40.0,68.0,0.8741590739737986,52.9907,53.0093,7.4052,0.2319,0.1863,22865,1599.15,0.49378357021330177,2.036242461949157,0.49683929404022276,1.8377556466189862,-0.0030557238269209946,0.19848681533017087,0.31861893402168534,0.016757401296139098,0.2126744835539791,13.746014595031738,0.0,0.036138202995061874
ReferenceResidual-MultiConstraint-PD-PPO,hotspot_unseen,0,20.2659952,14.3849032,5.881092,8.7443168,5.6405864,1.620972,1.1893533333333333,1.3643927710437709,0.1388999968767166,0.0,0.0,0.0,0.07866360423473645,0.1792338022684126,0.21417797888386123,2.0,70.0,87.0,0.891045004413821,63.3479,42.6521,6.1193,0.1757,0.1611,20543,1613.9,0.39745403617658237,1.9285301252025966,0.40870159917029847,1.578300792638552,-0.011247562993716034,0.35022933256404487,0.29985693875390285,0.014153179849888295,0.15245369560361993,13.746014595031738,0.0,0.036138202995061874
ReferenceResidual-MultiConstraint-PD-PPO,tight_sla,0,19.5891864,14.7788416,4.8103448,8.9999024,5.7789392,1.578416,1.211972121212121,1.4024383658810324,0.002624999964609742,0.0,0.0,0.0,0.0,0.011006381359405187,0.01558572146807441,1.0,3.0,5.0,0.8651063079268763,79.2808,26.7192,0.3345,0.0127,0.0073,17081,1541.0,0.2602180796862502,1.4631908125504924,0.2698925214366955,1.1088505450298902,-0.00967444175044528,0.35434026752060216,0.2341103610590838,0.012436342959442868,0.12951194658880702,13.746014595031738,0.0,0.036138202995061874
ReferenceResidual-MultiConstraint-PD-PPO,nominal_hetero,1,19.6350272,14.707612800000001,4.9274144,8.9974648,5.710148,1.5717984,1.212212727272727,1.3940673619528618,0.0043750000186264515,0.00018338819791097194,0.002983333333333333,0.002983333333333333,0.0,0.01026670490392888,0.01350606394707828,1.0,3.0,7.0,0.8692577598797065,75.2275,30.7725,0.6039,0.0246,0.0126,17435,1599.65,0.3074627126809362,1.518588673281704,0.29174041491339714,1.222845540665526,0.01572229776753906,0.295743132616178,0.27084335847166274,0.014862305365038438,0.148882672682011,14.715231895446777,0.0,0.0
ReferenceResidual-MultiConstraint-PD-PPO,load_surge,1,22.2496632,17.3621688,4.8874944,10.7456624,6.6165064000000005,1.7799624,1.4472581818181818,1.633548308080808,0.0038499999791383743,0.0,0.0,0.0,0.005197994388373223,0.008703170028818444,0.012151536812008578,1.0,3.0,6.0,0.8296217383132074,74.1819,31.8181,0.3961,0.0174,0.0081,17350,1528.9,0.3222896332546136,1.429631224906299,0.3019587276911595,1.1410790479877055,0.020330905563454075,0.28855217691859336,0.2753710890589325,0.018338782583282264,0.1485246594023025,14.715231895446777,0.0,0.0
ReferenceResidual-MultiConstraint-PD-PPO,edge_fade,1,17.839351200000003,12.8808336,4.9585176,8.7437656,4.137068,0.9292312,0.8603992592592592,1.152761436026936,0.08574999868869781,0.004929179325699806,0.07356666666666667,0.07356666666666667,0.04757643479657624,0.11928384080282814,0.13357487922705313,1.0,14.0,25.0,0.8352343883099898,60.3625,45.6375,5.1578,0.1632,0.1307,17538,1502.25,0.4377754578073692,2.1319803211128745,0.4244852138174272,1.9622875702935918,0.013290243989941974,0.16969275081928298,0.3187837958345042,0.02115955621411296,0.25553867527860286,14.715231895446777,0.0,0.0
ReferenceResidual-MultiConstraint-PD-PPO,bursty_urllc,1,22.8975984,14.910161600000002,7.9874368,9.0019072,5.9082544,1.7281296000000002,1.2124075757575756,1.4232408552188553,0.03709999844431877,0.0,0.0,0.0,0.0,0.07539178314273613,0.08414547183265986,1.0,8.0,27.0,0.9499068710086155,63.4635,42.5365,2.2882,0.0791,0.0539,28332,1600.4,0.41603521212368344,1.5417298733459268,0.39934934717133785,1.2790378308466324,0.01668586495234561,0.26269204249929473,0.29001685461956306,0.017968512084507636,0.19863953171289353,14.715231895446777,0.0,0.0
ReferenceResidual-MultiConstraint-PD-PPO,mixed_dynamic,1,20.8084952,14.343213600000002,6.465281599999999,9.5690112,4.7742024,1.1125120000000002,1.0301037037037037,1.2953137323232322,0.14877499639987946,0.0,0.0,0.0,0.06612171035939407,0.2149618320610687,0.22646310432569974,1.0,69.0,81.0,0.8731210353915851,58.0525,47.9475,6.582,0.1952,0.171,22925,1663.45,0.45969982390790776,2.1399007171749864,0.4448735096247916,1.9701986776627578,0.014826314283116187,0.16970203951222865,0.3096216439673942,0.024978955857856863,0.29272396421066427,14.715231895446777,0.0,0.0
ReferenceResidual-MultiConstraint-PD-PPO,hotspot_unseen,1,20.461392800000002,14.325943200000001,6.135449600000001,8.567504,5.7584392,1.6905000000000001,1.0959388888888888,1.3679508383838384,0.0979750007390976,0.0,0.0,0.0,0.08331847745492867,0.14018472502227014,0.17449750352067597,1.0,32.0,74.0,0.8971861005436755,59.8882,46.1118,5.1232,0.1554,0.129,21329,1495.8,0.4472075079457751,1.7535582989452494,0.4285566410637746,1.5070882691011367,0.018650866882000385,0.24647002984411273,0.3044678241380102,0.02221679946209013,0.27580051592830956,14.715231895446777,0.0,0.0
ReferenceResidual-MultiConstraint-PD-PPO,tight_sla,1,20.0330272,14.9795008,5.053526400000001,8.9977528,5.981748,1.7919823999999998,1.2114351515151516,1.433869654882155,0.00419999985024333,8.14829400042072e-06,0.0003,0.0003,0.0,0.015528991174170484,0.01981300089047195,1.0,2.0,5.0,0.8792456702319508,77.5782,28.4218,0.4739,0.0193,0.0098,17902,1517.35,0.28698936786599855,1.4274785853800316,0.2698188833603991,1.1003740320917652,0.017170484505599423,0.3271045532882665,0.2542929520180511,0.014968830231788958,0.13384257682425885,14.715231895446777,0.0,0.0
ReferenceResidual-MultiConstraint-PD-PPO,nominal_hetero,2,19.9159704,14.9155128,5.0004576,8.999212,5.9163008,1.741876,1.2113133333333332,1.4246464567901234,0.009074999950826168,0.0,0.0,0.0,0.0,0.019235133908306855,0.02293488824101069,2.0,4.0,9.0,0.8756905906006698,76.8757,29.1243,0.7307,0.0288,0.0174,17624,1529.9,0.28037785446186675,1.4066269571464638,0.3058689349771079,1.1396780159152837,-0.025491080515241123,0.26694894123117996,0.24445670527764402,0.017606147782436927,0.1281348885005847,13.806120872497559,0.0,0.060339733958244324
ReferenceResidual-MultiConstraint-PD-PPO,load_surge,2,22.2682952,17.467239199999998,4.801056,10.7469392,6.7203,1.7177792,1.446961212121212,1.6470876217732886,0.0012250000145286322,0.0,0.0,0.0,0.00918616529333936,0.0038560411311053984,0.005050505050505051,2.0,3.0,5.0,0.826704104065271,79.6928,26.3072,0.2568,0.0134,0.0051,17116,1490.6999999999998,0.25531111870883744,1.3958200703766606,0.27760051083774123,1.1750001640273542,-0.022289392128903848,0.22081990634930643,0.22619064325660268,0.01735744383734317,0.132994282520907,13.806120872497559,0.0,0.060339733958244324
ReferenceResidual-MultiConstraint-PD-PPO,edge_fade,2,18.3143656,13.447699199999999,4.8666664,8.9938296,4.4538696,1.0729495999999998,0.9934718518518516,1.2133910185185186,0.06445000320672989,0.0005172155797481537,0.03441666666666667,0.03441666666666667,0.03872184916723921,0.08925571966406023,0.10454418734318371,2.0,12.0,26.0,0.8329554548868968,64.6238,41.3762,3.6457,0.1188,0.0913,17265,1491.55,0.38983548121672074,2.107654170229679,0.41284220320445447,1.844924765882808,-0.023006721987733767,0.26272940434687136,0.2978588929995119,0.01718803334281416,0.15884377848276562,13.806120872497559,0.0,0.060339733958244324
ReferenceResidual-MultiConstraint-PD-PPO,bursty_urllc,2,22.2324168,14.300250400000003,7.9321664,8.998347200000001,5.301903200000001,1.5773816,1.211660909090909,1.3404798922558923,0.13827499747276306,0.0003693095059134066,0.0134,0.0134,0.0032518146210628552,0.21389344554596676,0.23019381162869773,2.0,43.0,59.0,0.9374822947161516,56.8321,49.1679,6.1496,0.1882,0.1555,28042,1581.9499999999998,0.45642234976034096,1.9035055193722767,0.4791544961314813,1.6793682532340906,-0.02273214637114035,0.22413726613818621,0.29712349252065723,0.017110916274805415,0.20619451775728886,13.806120872497559,0.0,0.060339733958244324
ReferenceResidual-MultiConstraint-PD-PPO,mixed_dynamic,2,20.306307200000003,13.766119999999999,6.5401872,9.075626399999999,4.6904936,1.1628456,1.076708888888889,1.2516979932659933,0.17900000512599945,0.0,0.0,0.0,0.07891422968594615,0.2710159319545788,0.28089255578473654,2.0,73.0,104.0,0.8876650238235553,52.8477,53.1523,8.5285,0.2532,0.2185,23161,1492.65,0.48987925875621113,2.252296276700291,0.5097559510019695,2.0492613650396585,-0.019876692245758335,0.20303491166063248,0.30573112656058615,0.01749020780195873,0.21619634783539954,13.806120872497559,0.0,0.060339733958244324
ReferenceResidual-MultiConstraint-PD-PPO,hotspot_unseen,2,19.7990016,13.836759200000001,5.9622424,8.624849600000001,5.2119096,1.1607968,1.0748118518518517,1.288363292929293,0.14300000667572021,0.0,0.0,0.0,0.09996229021399167,0.19213699951760732,0.24888946955840083,2.0,43.0,76.0,0.8749312346890744,60.7907,45.2093,6.6142,0.1959,0.1701,20730,1695.85,0.41943063119564267,1.8889684495740076,0.4388846120861369,1.7367488408915448,-0.019453980890494136,0.15221960868246298,0.30515667920535655,0.016933331025122095,0.21229584233386184,13.806120872497559,0.0,0.060339733958244324
ReferenceResidual-MultiConstraint-PD-PPO,tight_sla,2,19.8352256,14.923610400000003,4.9116152,9.003127200000002,5.9204832,1.7291376,1.2131118181818183,1.4246628771043772,0.004000000189989805,3.177941471221857e-05,0.0012166666666666667,0.0012166666666666667,0.0,0.013093665652099006,0.015980193562907946,2.0,3.0,5.0,0.8722167341385396,78.2853,27.7147,0.3692,0.0155,0.0079,17413,1683.6,0.267974924401734,1.391987185900933,0.29187944666119536,1.133424652065471,-0.023904522259461367,0.258562533835462,0.2370139834097073,0.017258412324178588,0.1339442220425797,13.806120872497559,0.0,0.060339733958244324
ReferenceResidual-MultiConstraint-PD-PPO,nominal_hetero,3,19.814103199999998,14.905191199999999,4.908912,8.9991328,5.9060584,1.7076304,1.2119454545454547,1.4220411621773288,0.00019999999494757503,0.0,0.0,0.0,0.0,0.0008022462896109105,0.0017271157167530224,1.0,2.0,4.0,0.8726387220143974,78.7982,27.2018,0.109,0.008,0.0019,17451,1195.2,0.2633678917781538,0.9804470624465803,0.26729474187190916,1.129909622605465,-0.003926850093755339,-0.14946256015888493,0.2416460241509919,0.006873360383792629,0.1759790166233352,12.514069557189941,0.0,0.05868500471115112
ReferenceResidual-MultiConstraint-PD-PPO,load_surge,3,22.6680392,17.8566184,4.8114208000000005,10.744095999999999,7.1125224000000005,2.1432200000000003,1.4463760606060605,1.7079721644219978,0.0006750000175088644,0.0,0.0,0.0,0.0,0.0021576860275250758,0.0037341299477221808,1.0,2.0,3.0,0.8356376652166979,81.5484,24.4516,0.1006,0.0046,0.0022,17148,1195.1,0.23942235001064555,1.0030522993351227,0.24537771002979145,1.0650905781610867,-0.005955360019145885,-0.062038278825963855,0.22003212047294515,0.006302050006234623,0.18176496085155366,12.514069557189941,0.0,0.05868500471115112
ReferenceResidual-MultiConstraint-PD-PPO,edge_fade,3,18.0771912,13.130948800000002,4.9462424,8.786017600000001,4.3449311999999995,1.1127768,1.0127186666666665,1.185152808080808,0.09915000200271606,0.0,0.0,0.0,0.04184352882457763,0.14387790099462672,0.16392558641143165,2.0,15.0,35.0,0.8396661792726438,57.9119,48.0881,5.826,0.1839,0.1479,17494,1198.1,0.4482592952239196,1.666734698302269,0.4502086141205834,1.9216148318147745,-0.0019493188966637632,-0.2548801335125054,0.32568957956473615,0.00591593254221682,0.24898327715070084,12.514069557189941,0.0,0.05868500471115112
ReferenceResidual-MultiConstraint-PD-PPO,bursty_urllc,3,22.0379832,13.9593368,8.0786464,8.857033600000001,5.1023032,1.4048576000000002,1.2133906060606061,1.2993874034792368,0.17737500369548798,0.0,0.0,0.0,0.022091568007836525,0.29303041971505583,0.29830362277170785,2.0,26.0,53.0,0.934622161067131,51.7065,54.2935,8.6238,0.2601,0.2177,28567,1201.3,0.5007910260436463,1.5562816385295515,0.5025809809309639,1.7693195688489556,-0.0017899548873175298,-0.21303793031940385,0.3152118753837167,0.006051192754638728,0.2672451330027245,12.514069557189941,0.0,0.05868500471115112
ReferenceResidual-MultiConstraint-PD-PPO,mixed_dynamic,3,21.486233600000002,14.975564799999997,6.5106687999999995,9.863316,5.1122488,1.3496128,1.2496414814814814,1.3654833888888886,0.1088000014424324,0.0,0.0,0.0,0.04178934758738925,0.16664504691486143,0.17815774958632102,1.0,34.0,51.0,0.8775338897992473,59.2297,46.7703,5.5583,0.1705,0.1413,23127,1198.6,0.43684010113654687,1.590870690654849,0.43826312554226005,1.7652384373407102,-0.0014230244057132119,-0.17436774668586108,0.31319246918556565,0.007514609818331718,0.2522650372045662,12.514069557189941,0.0,0.05868500471115112
ReferenceResidual-MultiConstraint-PD-PPO,hotspot_unseen,3,19.8156488,13.7745288,6.041119999999999,8.46572,5.3088087999999996,1.5979904,1.0497174074074074,1.303318832772166,0.1926250010728836,0.0003669510188046843,0.01831666666666667,0.01831666666666667,0.09428704701289166,0.2628253847615428,0.33624685472122895,2.0,105.0,135.0,0.8922642457797915,54.4849,51.5151,8.6617,0.2507,0.2265,21052,1205.8,0.475351982289168,1.7673476656728024,0.4789072810575359,1.8335791297696304,-0.0035552987683677394,-0.06623146409682819,0.3143710208345883,0.00620633674553101,0.2492988143448818,12.514069557189941,0.0,0.05868500471115112
ReferenceResidual-MultiConstraint-PD-PPO,tight_sla,3,19.91302,14.98278,4.9302399999999995,8.996232,5.986548,1.7891416,1.212090303030303,1.4342690998877667,0.00795000046491623,0.0,0.0,0.0,0.0,0.02498719335192669,0.03085177733065057,1.0,3.0,7.0,0.8751409618068967,77.1022,28.8978,0.721,0.0258,0.0165,17569,1204.8,0.2784893307115987,1.0015801493011407,0.28319248141754333,1.1280170766615134,-0.004703150705944661,-0.1264369273603725,0.25158891527930677,0.006616717942645242,0.17152808709176542,12.514069557189941,0.0,0.05868500471115112
ReferenceResidual-MultiConstraint-PD-PPO,nominal_hetero,4,19.9074384,14.923924799999998,4.9835136,8.9979424,5.9259824000000005,1.728608,1.211540606060606,1.425115601010101,0.0006249999860301614,0.0,0.0,0.0,0.0,0.0013610071452875127,0.002129925452609159,1.0,2.0,3.0,0.8754576888062674,80.1746,25.8254,0.0811,0.0046,0.0016,17634,1186.8,0.26981698246052754,0.7279544444697222,0.24629047876364865,1.1503527087344203,0.023526503696878944,-0.42239826426469806,0.2341846152515071,0.018489613146998145,0.06279523462124749,15.021645545959473,0.0,0.03196849301457405
ReferenceResidual-MultiConstraint-PD-PPO,load_surge,4,22.6750216,17.7359104,4.939111199999999,10.7379136,6.9979968,1.9837736,1.4470760606060604,1.6890769792368125,4.999999873689376e-05,0.0,0.0,0.0,0.0,0.00034317089910775565,0.000559753708368318,1.0,2.0,3.0,0.8380084541327061,82.2834,23.7166,0.0456,0.0038,0.0007,17484,1188.1,0.24339286946547387,0.6841956602592971,0.2267321386268869,1.1148418602762926,0.01666073083858699,-0.4306462000169955,0.2180437667071344,0.016527130663848602,0.06427718264994928,15.021645545959473,0.0,0.03196849301457405
ReferenceResidual-MultiConstraint-PD-PPO,edge_fade,4,18.260534399999997,13.329593599999999,4.9309408,9.0020016,4.327592,1.051084,0.9732259259259258,1.1972370982042648,0.09542500227689743,0.0009185380768030882,0.038733333333333335,0.038733333333333335,0.04404059202095464,0.13798228065161475,0.14676616915422885,1.0,18.0,54.0,0.8318808536152019,57.6187,48.3813,5.7538,0.1828,0.1464,17495,1193.9,0.4608416861533878,1.6438989498881302,0.44784345455122354,1.9717450162366397,0.012998231602164227,-0.32784606634850916,0.3260394560780452,0.01750857322597128,0.15975095282777904,15.021645545959473,0.0,0.03196849301457405
ReferenceResidual-MultiConstraint-PD-PPO,bursty_urllc,4,22.594648799999998,14.686863200000001,7.9077855999999995,9.0023544,5.6845088,1.5798944000000001,1.2118484848484847,1.3895692659932661,0.04677499830722809,0.0,0.0,0.0,0.003661899565392795,0.08190285857035795,0.09164882226980728,1.0,10.0,24.0,0.9429742737045682,63.4528,42.5472,2.5827,0.0841,0.0628,28021,1200.3,0.4170927513316107,0.9621048554396672,0.3983762409276423,1.362143851425393,0.018716510403968427,-0.40003899598572595,0.2900507412368288,0.017913517874527562,0.15688672554725913,15.021645545959473,0.0,0.03196849301457405
ReferenceResidual-MultiConstraint-PD-PPO,mixed_dynamic,4,22.1689,15.8010856,6.3678144,10.3010976,5.499988,1.3816288,1.279285925925926,1.4422580185185183,0.10502500087022781,0.0,0.0,0.0,0.034919246648737946,0.15339246119733924,0.16114285714285714,1.0,31.0,48.0,0.8643665848199339,59.1874,46.8126,4.9134,0.153,0.1238,22550,1198.1,0.44927499378027386,1.411815017568028,0.4347316576705661,1.7158196447441763,0.014543336109707788,-0.3040046271761483,0.3090912229578528,0.0187633446232231,0.18764883859423953,15.021645545959473,0.0,0.03196849301457405
ReferenceResidual-MultiConstraint-PD-PPO,hotspot_unseen,4,20.071023999999998,14.119568,5.951456,8.546064,5.573504,1.63648,1.0848381481481482,1.3397814618406285,0.17135000228881836,0.0001920550421345979,0.01978333333333333,0.01978333333333333,0.09324562903239052,0.23715433929767488,0.2895010395010395,1.0,41.0,60.0,0.8898063063401491,55.4778,50.5222,8.0449,0.2376,0.2084,20902,1196.4,0.4812942124492175,1.4650978627955835,0.4637065798209941,1.7533675874350272,0.017587632628223385,-0.2882697246394437,0.31456369063669337,0.020108686970422632,0.21443119719912704,15.021645545959473,0.0,0.03196849301457405
ReferenceResidual-MultiConstraint-PD-PPO,tight_sla,4,19.855339999999998,14.927698399999999,4.9276416,9.007416,5.9202824,1.7254847999999998,1.2135857575757574,1.4248460151515152,0.007375000044703484,0.0,0.0,0.0,0.0,0.0271277816012847,0.033258314578644664,1.0,3.0,7.0,0.8726088066993906,73.2828,32.7172,0.781,0.0337,0.0168,17436,1188.9,0.33237219974120824,0.7897722457361993,0.3095355740599783,1.1723308281099734,0.022836625681230044,-0.38255858237377416,0.2834539867015887,0.019743430354191918,0.09968202455524341,15.021645545959473,0.0,0.03196849301457405
